borough_id,borough_name
1,Barking and Dagenham
2,Barnet
3,Bexley
4,Brent
5,Brentwood
6,Bromley
7,Camden
8,City of London
9,Croydon
10,Ealing
11,Enfield
12,Greenwich
13,Hackney
14,Hammersmith and Fulham
15,Haringey
16,Harrow
17,Havering
18,Hillingdon
19,Hounslow
20,Islington
21,Kensington and Chelsea
22,Kingston upon Thames
23,Lambeth
24,Lewisham
25,Merton
26,Newham
27,Redbridge
28,Richmond upon Thames
29,Southwark
30,Sutton
31,Tower Hamlets
32,Waltham Forest
33,Wandsworth
34,Westminster
