node_id,LSOA21CD,LAT,LONG,demand,is_real
1,E01000007,51.54058,0.077763,359,0
3,E01000009,51.54026,0.083517,219,0
5,E01000012,51.54299,0.073618,288,0
7,E01000014,51.5437,0.137945,209,0
8,E01000015,51.54382,0.155777,292,0
9,E01000016,51.54866,0.149241,221,0
14,E01000021,51.55435,0.116517,207,0
16,E01000024,51.55099,0.121958,178,0
21,E01000030,51.58276,0.135663,317,0
25,E01000034,51.55666,0.172296,191,0
26,E01000035,51.54915,0.16138,224,0
29,E01000038,51.56309,0.172761,195,0
35,E01000044,51.53616,0.090093,234,0
41,E01000052,51.53236,0.094071,299,0
42,E01000053,51.53297,0.142374,194,0
43,E01000054,51.53656,0.132347,212,0
44,E01000055,51.53627,0.126335,194,0
45,E01000056,51.53437,0.137177,204,1
49,E01000060,51.55837,0.152728,274,0
57,E01000068,51.54312,0.08757,217,0
66,E01000077,51.54962,0.126337,204,0
68,E01000079,51.54645,0.138175,206,0
69,E01000080,51.54803,0.130114,215,0
73,E01000084,51.53958,0.146073,169,0
75,E01000086,51.53731,0.14601,171,0
82,E01000094,51.52374,0.114363,354,0
83,E01000095,51.5248,0.138271,387,0
84,E01000096,51.53067,0.113141,187,0
86,E01000098,51.55961,0.127539,229,0
88,E01000100,51.55913,0.138784,228,0
93,E01000105,51.5397,0.153059,281,0
94,E01000106,51.54,0.159115,292,0
96,E01000108,51.54296,0.166582,235,0
98,E01000111,51.56892,0.144972,271,0
99,E01000112,51.57032,0.139266,255,0
101,E01000114,51.56444,0.149133,298,0
103,E01033587,51.53297,0.075283,484,0
104,E01034469,51.56456,0.14152,224,0
109,E01034474,51.53611,0.076276,277,0
110,E01034475,51.52656,0.095261,227,0
113,E01034478,51.52026,0.125691,178,0
115,E01000115,51.63625,-0.14234,141,0
118,E01000118,51.63117,-0.1511,214,0
119,E01000119,51.62991,-0.13493,187,0
121,E01000121,51.62707,-0.14871,146,0
123,E01000123,51.62309,-0.14503,186,0
125,E01000126,51.6017,-0.25141,229,0
137,E01000138,51.56414,-0.20663,173,0
138,E01000139,51.55843,-0.20336,148,0
140,E01000141,51.56042,-0.21588,199,0
143,E01000144,51.57504,-0.19906,180,0
144,E01000145,51.57278,-0.20492,167,0
147,E01000150,51.58531,-0.24451,259,0
149,E01000152,51.60459,-0.24307,299,0
150,E01000153,51.60401,-0.2476,181,0
154,E01000158,51.61786,-0.15102,155,0
157,E01000161,51.61357,-0.14948,209,0
159,E01000163,51.60771,-0.14515,180,0
160,E01000164,51.60609,-0.15359,176,1
161,E01000165,51.60965,-0.15044,177,0
167,E01000171,51.64882,-0.17084,248,0
173,E01000177,51.59283,-0.17172,169,0
174,E01000178,51.59539,-0.16488,170,0
179,E01000183,51.58964,-0.17804,158,0
180,E01000184,51.60134,-0.16639,191,0
182,E01000186,51.6227,-0.27593,187,0
183,E01000187,51.62463,-0.27319,188,0
184,E01000188,51.63119,-0.28838,187,0
185,E01000189,51.62151,-0.288,260,0
186,E01000190,51.61941,-0.28397,183,0
188,E01000192,51.61618,-0.27248,212,0
189,E01000193,51.61509,-0.27885,209,0
191,E01000195,51.63095,-0.26788,213,0
201,E01000205,51.58719,-0.18896,154,0
202,E01000206,51.57359,-0.17771,166,0
206,E01000210,51.59006,-0.18294,155,0
207,E01000211,51.58829,-0.19627,229,0
210,E01000214,51.57316,-0.1902,174,0
211,E01000215,51.58136,-0.20905,238,0
213,E01000217,51.58298,-0.20327,195,0
215,E01000219,51.57628,-0.21293,235,0
217,E01000221,51.57329,-0.21774,152,0
219,E01000223,51.56765,-0.22337,226,0
220,E01000224,51.56545,-0.21355,178,0
224,E01000228,51.63308,-0.24999,143,0
226,E01000230,51.61953,-0.26859,210,0
231,E01000235,51.61041,-0.25354,183,0
233,E01000237,51.58552,-0.22761,231,0
246,E01000250,51.65429,-0.19641,290,0
247,E01000251,51.65027,-0.17801,236,0
248,E01000252,51.64918,-0.186,173,1
249,E01000253,51.65048,-0.23592,214,0
251,E01000255,51.61697,-0.22561,198,0
253,E01000257,51.60855,-0.20641,294,0
254,E01000258,51.61533,-0.23786,191,1
255,E01000259,51.60504,-0.21745,260,0
263,E01000268,51.64712,-0.18068,233,0
274,E01000279,51.63279,-0.21495,139,0
276,E01000281,51.62938,-0.17293,242,0
280,E01000285,51.64456,-0.20967,155,0
281,E01000286,51.64821,-0.21806,180,0
286,E01000291,51.64334,-0.20397,151,0
291,E01000296,51.60309,-0.19402,190,0
293,E01000298,51.60537,-0.18617,191,0
294,E01000299,51.61479,-0.17847,232,0
299,E01000304,51.60644,-0.19807,158,0
305,E01000310,51.58009,-0.22427,236,0
309,E01000314,51.58138,-0.22917,235,0
311,E01000316,51.60424,-0.17446,252,0
314,E01000319,51.60189,-0.17876,137,0
318,E01000323,51.6142,-0.17337,259,0
320,E01033911,51.617,-0.20995,209,0
325,E01033916,51.59674,-0.24831,326,0
327,E01033918,51.59507,-0.2442,229,0
329,E01033920,51.59267,-0.2457,212,0
334,E01033925,51.59061,-0.23963,192,0
339,E01000329,51.45412,0.157189,193,0
340,E01000330,51.45879,0.150673,184,1
341,E01000331,51.45197,0.162644,187,0
345,E01000335,51.49728,0.156405,315,0
346,E01000336,51.48814,0.145227,228,0
350,E01000340,51.45195,0.092793,170,0
351,E01000341,51.44883,0.095025,161,0
353,E01000343,51.44622,0.098388,161,0
360,E01000350,51.44537,0.102421,154,0
369,E01000359,51.47343,0.130727,142,0
370,E01000360,51.45784,0.137658,224,0
372,E01000362,51.45414,0.146078,273,0
375,E01000365,51.46049,0.145023,196,0
377,E01000367,51.47241,0.177118,259,0
383,E01000373,51.47429,0.17846,155,0
385,E01000375,51.45025,0.186757,243,0
388,E01000379,51.4461,0.18073,190,0
393,E01000384,51.42144,0.111132,187,0
394,E01000385,51.41902,0.124282,228,0
395,E01000386,51.42113,0.11572,172,0
400,E01000391,51.45301,0.110027,193,0
401,E01000392,51.46255,0.112037,225,0
402,E01000393,51.46159,0.122617,189,0
406,E01000398,51.47064,0.09395,178,0
407,E01000399,51.46635,0.092559,180,0
409,E01000401,51.46701,0.10595,208,0
411,E01000403,51.47881,0.177221,271,0
415,E01000407,51.47944,0.165082,232,0
417,E01000409,51.45706,0.10234,197,0
418,E01000410,51.45758,0.093007,183,0
421,E01000413,51.45284,0.097511,144,0
422,E01000414,51.46219,0.104246,214,0
423,E01000415,51.46058,0.095736,152,0
433,E01000425,51.43381,0.088381,191,0
435,E01000427,51.42659,0.091705,221,0
436,E01000428,51.42057,0.101728,208,0
437,E01000429,51.47735,0.188053,198,0
438,E01000430,51.47641,0.202295,226,0
440,E01000433,51.46778,0.185263,219,0
443,E01000436,51.47361,0.140354,181,0
444,E01000437,51.47684,0.151436,149,0
445,E01000438,51.47631,0.159432,188,0
448,E01000441,51.47223,0.157123,198,0
449,E01000442,51.47737,0.144649,187,0
450,E01000443,51.43841,0.123339,136,0
454,E01000447,51.44156,0.151244,213,0
459,E01000452,51.47141,0.124023,151,0
460,E01000453,51.46971,0.119798,164,0
461,E01000454,51.4708,0.114578,188,0
462,E01000455,51.46673,0.114404,196,0
464,E01000457,51.42981,0.104368,255,0
466,E01000459,51.42604,0.108913,210,0
467,E01000460,51.43989,0.10404,132,0
469,E01000462,51.43426,0.10417,234,0
475,E01000468,51.51021,0.129792,318,0
478,E01032566,51.4723,0.104409,218,0
479,E01033789,51.47314,0.189537,268,0
483,E01000471,51.53734,-0.2915,189,0
484,E01000472,51.53622,-0.30002,309,0
485,E01000473,51.54396,-0.29519,309,0
487,E01000475,51.54316,-0.30597,241,0
489,E01000477,51.54115,-0.28378,293,0
490,E01000478,51.54101,-0.29455,289,0
494,E01000483,51.56192,-0.26626,198,0
500,E01000489,51.54445,-0.22265,185,0
501,E01000490,51.5438,-0.2078,193,0
507,E01000497,51.5646,-0.22769,234,0
510,E01000501,51.56275,-0.23444,227,0
511,E01000502,51.55999,-0.24084,214,0
515,E01000506,51.55241,-0.24648,189,1
518,E01000509,51.56178,-0.24954,162,0
523,E01000514,51.58273,-0.25887,170,0
524,E01000515,51.58452,-0.2682,203,0
525,E01000516,51.58796,-0.25518,251,0
528,E01000519,51.5762,-0.26886,223,0
539,E01000531,51.53259,-0.231,195,0
544,E01000536,51.58219,-0.31048,172,0
548,E01000541,51.58554,-0.30407,169,0
549,E01000543,51.58371,-0.28848,183,1
550,E01000544,51.52943,-0.19731,174,0
557,E01000551,51.53367,-0.20024,309,0
559,E01000553,51.55853,-0.22005,220,0
563,E01000557,51.55358,-0.2183,214,0
565,E01000559,51.55142,-0.22148,146,0
573,E01000567,51.56039,-0.326,166,0
578,E01000572,51.57406,-0.30791,162,1
587,E01000581,51.53723,-0.21875,158,0
592,E01000586,51.5312,-0.21551,261,0
596,E01000591,51.58754,-0.27685,243,0
597,E01000592,51.59769,-0.26747,204,0
600,E01000595,51.54474,-0.25901,196,0
603,E01000601,51.5543,-0.25947,156,0
608,E01000606,51.5585,-0.331,215,0
610,E01000608,51.55972,-0.31558,271,0
611,E01000609,51.55565,-0.32309,235,0
612,E01000610,51.55521,-0.30576,255,0
616,E01000615,51.55719,-0.27273,584,0
618,E01000617,51.55261,-0.28202,336,0
621,E01000620,51.5467,-0.28313,232,0
624,E01000623,51.57235,-0.26536,203,0
626,E01000625,51.56718,-0.26335,189,0
627,E01000626,51.5635,-0.25979,173,0
628,E01000627,51.56119,-0.25676,225,0
631,E01000630,51.54995,-0.29445,309,0
632,E01000631,51.54779,-0.30366,238,0
633,E01000632,51.54439,-0.30066,281,0
634,E01000633,51.54971,-0.3005,283,0
642,E01000642,51.54778,-0.22458,242,0
690,E01033456,51.54256,-0.26319,286,0
692,E01033463,51.58327,-0.29606,337,0
699,E01033934,51.56439,-0.24627,184,0
700,E01033935,51.55456,-0.29666,213,0
703,E01033938,51.53597,-0.26782,209,0
704,E01033939,51.53126,-0.28556,298,0
705,E01033940,51.56002,-0.28128,420,0
707,E01033942,51.55707,-0.28124,521,0
713,E01000646,51.40595,0.036929,191,0
715,E01000648,51.40068,0.038175,205,0
716,E01000649,51.40265,0.052957,224,0
717,E01000650,51.39543,0.050521,184,0
719,E01000652,51.39284,0.054588,180,0
721,E01000654,51.30076,0.017795,134,0
727,E01000661,51.38374,0.038516,294,0
728,E01000662,51.3858,0.05091,188,0
731,E01000665,51.37718,0.043872,198,0
732,E01000666,51.36046,0.03372,196,0
734,E01000668,51.39154,0.027866,228,1
736,E01000670,51.39567,0.015945,207,0
737,E01000671,51.3958,0.028442,242,0
738,E01000672,51.41517,0.001702,173,0
739,E01000673,51.4111,-0.00122,172,0
741,E01000676,51.40721,0.011333,226,0
742,E01000677,51.40406,0.00865,197,0
746,E01000681,51.36735,0.087238,179,0
748,E01000683,51.36496,0.09062,183,0
749,E01000684,51.36041,0.098126,219,0
759,E01000694,51.41876,0.047739,239,0
770,E01000705,51.40414,-0.06479,147,0
774,E01000709,51.41077,-0.03441,152,1
775,E01000710,51.41622,-0.02805,276,0
777,E01000712,51.41289,-0.01988,181,0
780,E01000715,51.40719,-0.01622,184,0
782,E01000717,51.40471,-0.00396,177,0
784,E01000719,51.39632,0.117164,235,0
785,E01000720,51.387,0.13973,181,0
787,E01000722,51.39078,0.108801,200,0
790,E01000725,51.38584,0.10968,191,0
791,E01000726,51.38446,0.115395,135,0
794,E01000729,51.40544,0.10831,196,0
795,E01000730,51.39756,0.108609,192,0
800,E01000735,51.4115,0.109164,164,0
803,E01000738,51.40279,0.112876,186,0
804,E01000739,51.40102,0.105634,179,1
807,E01000743,51.41051,-0.06778,192,0
809,E01000745,51.42195,-0.06142,195,0
811,E01000747,51.3333,0.014287,215,0
815,E01000751,51.35927,0.056635,239,0
817,E01000753,51.37438,0.069367,196,0
818,E01000754,51.37606,0.083668,186,0
826,E01000762,51.39087,0.012672,189,0
828,E01000764,51.38561,0.008647,189,0
829,E01000765,51.37635,0.020959,190,0
830,E01000766,51.37961,0.004879,196,0
836,E01000772,51.40191,-0.01672,161,0
839,E01000775,51.39209,-0.02216,283,0
840,E01000777,51.3926,-0.03584,169,0
841,E01000778,51.39199,-0.04286,168,0
843,E01000780,51.43281,0.045994,171,0
850,E01000787,51.37968,0.113924,157,0
851,E01000788,51.37523,0.103373,169,0
852,E01000789,51.3758,0.116246,193,0
853,E01000790,51.37212,0.096218,257,0
854,E01000791,51.37483,0.109936,156,0
861,E01000798,51.41319,-0.05507,166,0
862,E01000799,51.4118,-0.05042,200,0
863,E01000800,51.41584,-0.06008,177,0
866,E01000803,51.42102,-0.05084,166,0
867,E01000804,51.42052,-0.04108,146,0
870,E01000807,51.39572,0.071392,181,0
874,E01000811,51.38612,0.070916,141,0
875,E01000812,51.37979,0.096712,168,0
876,E01000813,51.38292,0.077109,162,0
877,E01000814,51.37698,0.094903,166,0
881,E01000819,51.42019,0.020835,191,0
883,E01000822,51.41438,0.011418,170,0
884,E01000823,51.41202,0.020086,181,0
886,E01000825,51.409,0.024942,177,0
888,E01000827,51.39287,0.005659,188,0
889,E01000828,51.40098,-0.00142,180,0
890,E01000829,51.39879,0.013077,196,0
891,E01000830,51.39658,-0.01121,167,0
896,E01000835,51.37795,-0.01837,184,0
902,E01000841,51.37476,-0.01321,179,0
907,E01034383,51.41931,-0.07184,139,0
913,E01000844,51.54498,-0.17053,252,0
915,E01000846,51.54348,-0.16536,238,0
917,E01000848,51.54923,-0.16905,238,0
919,E01000850,51.52006,-0.13117,269,0
920,E01000851,51.52166,-0.13886,304,0
921,E01000853,51.52468,-0.1249,229,1
922,E01000855,51.51828,-0.12767,323,0
928,E01000861,51.53925,-0.1392,239,0
932,E01000867,51.54273,-0.13675,284,0
941,E01000876,51.54909,-0.20145,324,0
944,E01000879,51.55338,-0.17928,197,0
948,E01000883,51.5471,-0.17705,274,0
949,E01000884,51.55978,-0.19269,233,0
950,E01000885,51.55852,-0.1839,200,0
952,E01000887,51.55452,-0.16314,218,1
958,E01000893,51.56015,-0.16694,220,0
959,E01000894,51.55796,-0.17151,202,0
960,E01000895,51.5551,-0.17688,248,0
962,E01000897,51.55107,-0.17146,251,0
976,E01000911,51.55805,-0.14248,241,0
977,E01000912,51.56007,-0.15641,248,0
979,E01000914,51.51899,-0.11715,258,0
987,E01000922,51.54935,-0.14429,297,0
989,E01000924,51.55255,-0.13506,243,0
990,E01000925,51.55072,-0.13745,242,0
993,E01000928,51.55388,-0.14348,267,0
994,E01000929,51.53753,-0.18681,307,0
995,E01000930,51.53728,-0.19093,336,0
996,E01000931,51.54419,-0.1981,350,0
999,E01000934,51.54001,-0.1806,243,0
1002,E01000938,51.52927,-0.11688,222,0
1008,E01000946,51.5303,-0.14655,284,0
1010,E01000948,51.53491,-0.14503,250,0
1011,E01000949,51.53109,-0.14293,279,0
1013,E01000952,51.53393,-0.13356,288,0
1014,E01000954,51.53203,-0.13698,298,0
1018,E01000958,51.53753,-0.13288,560,0
1019,E01000959,51.53673,-0.1379,280,0
1020,E01000960,51.54477,-0.1795,309,0
1021,E01000961,51.54193,-0.17759,302,0
1027,E01000967,51.53913,-0.16578,258,0
1029,E01000969,51.55102,-0.18774,297,0
1032,E01000972,51.54883,-0.18388,320,0
1033,E01000973,51.54724,-0.19105,434,0
1035,E01035707,51.54495,-0.13268,393,0
1038,E01035710,51.52888,-0.1374,437,0
1041,E01000001,51.51817,-0.09715,901,0
1042,E01000002,51.51883,-0.09197,848,0
1043,E01000003,51.52174,-0.09533,1013,0
1044,E01000005,51.51469,-0.07628,992,0
1045,E01032739,51.51497,-0.08579,1526,0
1046,E01032740,51.51466,-0.10574,987,1
1047,E01000975,51.37757,-0.0893,298,0
1048,E01000976,51.38166,-0.08813,277,0
1052,E01000980,51.38642,-0.08165,183,0
1053,E01000981,51.38453,-0.07448,210,0
1057,E01000985,51.38062,-0.06008,173,1
1060,E01000989,51.38969,-0.04752,201,0
1062,E01000991,51.38413,-0.04859,211,0
1063,E01000992,51.38495,-0.05975,209,0
1064,E01000993,51.3835,-0.06974,195,0
1065,E01000994,51.40219,-0.11025,195,0
1076,E01001005,51.38369,-0.11108,218,0
1077,E01001006,51.38272,-0.1254,227,0
1078,E01001007,51.38733,-0.12777,238,0
1079,E01001008,51.38387,-0.11771,199,0
1081,E01001010,51.37821,-0.11826,212,0
1082,E01001011,51.38224,-0.10877,313,0
1084,E01001013,51.37937,-0.10669,266,0
1086,E01001016,51.31907,-0.12615,207,1
1093,E01001023,51.3193,-0.13729,343,0
1096,E01001026,51.31645,-0.15547,223,0
1097,E01001027,51.31023,-0.14908,377,0
1099,E01001029,51.33544,-0.12624,223,0
1105,E01001035,51.36402,-0.08971,229,0
1108,E01001038,51.35954,-0.09018,231,0
1112,E01001042,51.37102,-0.10366,287,0
1113,E01001044,51.36837,-0.08752,255,0
1116,E01001049,51.3688,-0.07388,174,0
1118,E01001051,51.35675,-0.0225,184,0
1120,E01001053,51.34843,-0.01425,187,0
1121,E01001054,51.35359,-0.02293,222,1
1122,E01001055,51.35419,-0.01331,192,0
1123,E01001056,51.35116,-0.01559,207,0
1124,E01001057,51.34831,-0.01997,205,0
1127,E01001060,51.33961,-0.02959,195,0
1128,E01001061,51.35139,-0.0481,195,0
1130,E01001063,51.37148,-0.04612,192,0
1131,E01001064,51.36018,-0.04584,195,0
1138,E01001071,51.31387,-0.08819,226,0
1141,E01001074,51.33035,-0.12335,245,0
1143,E01001076,51.3398,-0.00936,200,0
1146,E01001079,51.34103,-0.00308,207,0
1149,E01001082,51.34698,-0.0102,184,0
1152,E01001085,51.41143,-0.12516,210,0
1154,E01001087,51.41033,-0.11711,343,0
1156,E01001089,51.40884,-0.12626,214,0
1157,E01001090,51.40595,-0.12156,272,0
1158,E01001091,51.40219,-0.12341,192,0
1159,E01001092,51.34343,-0.1218,269,0
1160,E01001093,51.3439,-0.11002,241,0
1164,E01001097,51.33697,-0.11396,313,0
1169,E01001102,51.33642,-0.07926,181,0
1176,E01001109,51.3879,-0.0879,286,0
1178,E01001111,51.39698,-0.08805,207,0
1179,E01001112,51.39409,-0.08284,245,0
1187,E01001121,51.33417,-0.05717,155,0
1188,E01001122,51.35779,-0.06804,181,0
1189,E01001123,51.35351,-0.06062,190,0
1191,E01001125,51.34397,-0.06415,188,0
1193,E01001127,51.3694,-0.03594,187,0
1194,E01001128,51.37066,-0.02693,186,0
1196,E01001130,51.36707,-0.02735,202,0
1197,E01001131,51.38712,-0.04057,191,0
1198,E01001132,51.38072,-0.04286,196,0
1199,E01001133,51.37603,-0.04132,185,0
1201,E01001135,51.37358,-0.03034,191,0
1202,E01001136,51.39662,-0.07888,259,0
1211,E01001145,51.39946,-0.07373,205,0
1215,E01001149,51.40706,-0.0899,192,0
1216,E01001150,51.40232,-0.08784,200,0
1220,E01001154,51.39927,-0.09172,229,0
1222,E01001156,51.4155,-0.09129,206,0
1224,E01001158,51.41022,-0.09072,185,0
1228,E01001162,51.41976,-0.09402,209,0
1229,E01001163,51.42015,-0.10118,245,0
1232,E01001166,51.36927,-0.1063,241,0
1233,E01001167,51.36616,-0.11513,288,0
1235,E01001169,51.36088,-0.11042,217,1
1236,E01001170,51.36433,-0.10168,231,0
1238,E01001172,51.35788,-0.11817,272,0
1239,E01001173,51.35443,-0.10825,342,0
1240,E01001174,51.39423,-0.1218,199,0
1242,E01001176,51.3923,-0.11762,236,0
1246,E01001180,51.38693,-0.11969,245,0
1248,E01001182,51.39961,-0.12052,179,0
1250,E01001184,51.39792,-0.12264,163,0
1256,E01001190,51.39901,-0.06135,184,0
1264,E01034141,51.38083,-0.09724,198,0
1265,E01034142,51.37964,-0.09395,178,0
1266,E01034143,51.37859,-0.09989,211,0
1272,E01034149,51.37256,-0.09275,376,0
1273,E01034150,51.37271,-0.09902,252,0
1274,E01034151,51.36916,-0.09875,175,0
1277,E01001196,51.51733,-0.26387,167,0
1279,E01001198,51.5147,-0.26371,164,0
1282,E01001201,51.51187,-0.26676,171,0
1283,E01001202,51.50923,-0.27104,272,0
1285,E01001204,51.51962,-0.32552,166,0
1287,E01001206,51.52145,-0.33021,203,0
1288,E01001207,51.5157,-0.32352,186,0
1294,E01001213,51.51515,-0.37623,225,0
1296,E01001215,51.51303,-0.37507,255,0
1298,E01001217,51.52192,-0.36394,157,0
1300,E01001219,51.51728,-0.36174,228,0
1310,E01001231,51.50403,-0.28738,220,0
1312,E01001233,51.50018,-0.30357,156,0
1317,E01001239,51.5227,-0.25602,152,0
1321,E01001243,51.51106,-0.24868,279,0
1322,E01001244,51.50773,-0.25722,299,0
1323,E01001245,51.50647,-0.24835,229,0
1325,E01001247,51.52502,-0.27475,241,0
1327,E01001249,51.51163,-0.32279,278,0
1328,E01001250,51.50983,-0.32941,241,0
1330,E01001252,51.50764,-0.33602,290,1
1331,E01001253,51.50346,-0.33689,229,0
1334,E01001257,51.53381,-0.37643,252,0
1335,E01001258,51.5331,-0.36544,205,0
1336,E01001259,51.52966,-0.36052,175,0
1337,E01001260,51.53028,-0.34846,231,1
1338,E01001261,51.5264,-0.35324,264,0
1339,E01001262,51.53537,-0.36774,180,0
1344,E01001267,51.5351,-0.3486,226,0
1346,E01001269,51.55037,-0.34294,289,0
1349,E01001272,51.54229,-0.34837,231,0
1354,E01001277,51.53104,-0.29614,245,0
1355,E01001278,51.5268,-0.28897,229,0
1361,E01001284,51.52204,-0.34545,181,0
1362,E01001285,51.52089,-0.33957,191,0
1363,E01001286,51.5196,-0.33361,174,0
1369,E01001292,51.52612,-0.36036,181,0
1371,E01001294,51.52649,-0.37395,234,0
1375,E01001298,51.51763,-0.37248,232,0
1380,E01001303,51.50071,-0.31093,180,0
1386,E01001309,51.5561,-0.35139,197,0
1387,E01001310,51.55611,-0.35788,243,0
1388,E01001311,51.55517,-0.34347,289,0
1389,E01001312,51.55383,-0.33471,231,0
1393,E01001316,51.55463,-0.36344,191,0
1394,E01001317,51.5519,-0.37494,232,0
1395,E01001318,51.55145,-0.3664,226,0
1396,E01001319,51.54918,-0.36114,168,0
1398,E01001321,51.54613,-0.37804,256,0
1399,E01001322,51.5445,-0.36545,231,0
1410,E01001333,51.50284,-0.37667,313,0
1414,E01001337,51.50445,-0.34835,239,0
1415,E01001338,51.50615,-0.36832,252,0
1416,E01001339,51.50368,-0.36417,255,0
1419,E01001342,51.54184,-0.31017,222,0
1421,E01001344,51.53797,-0.32466,240,0
1428,E01001351,51.50808,-0.27542,222,0
1430,E01001353,51.50437,-0.27814,167,0
1434,E01001357,51.50146,-0.27085,323,0
1435,E01001358,51.50038,-0.27481,254,0
1436,E01001359,51.51231,-0.38502,266,0
1437,E01001360,51.50967,-0.38053,242,0
1438,E01001361,51.50899,-0.37207,241,0
1439,E01001362,51.50719,-0.38259,342,0
1440,E01001363,51.51338,-0.38707,217,0
1441,E01001364,51.51605,-0.38316,208,0
1442,E01001365,51.50787,-0.39018,306,0
1444,E01001367,51.50023,-0.38382,316,0
1447,E01001370,51.49954,-0.40263,241,0
1449,E01001372,51.49728,-0.3829,279,0
1450,E01001373,51.50309,-0.38592,225,0
1456,E01001380,51.49681,-0.27016,242,0
1458,E01001382,51.50428,-0.3134,153,0
1461,E01001385,51.50196,-0.31564,175,0
1464,E01001388,51.50895,-0.3177,158,0
1466,E01032572,51.4977,-0.26446,167,0
1467,E01032743,51.53052,-0.3773,249,0
1470,E01034027,51.51984,-0.26242,378,0
1474,E01034031,51.51385,-0.30695,164,0
1475,E01001390,51.61117,-0.12361,210,0
1476,E01001391,51.61045,-0.11324,208,0
1478,E01001393,51.61042,-0.11896,226,0
1479,E01001394,51.6116,-0.1078,234,0
1482,E01001397,51.61398,-0.09811,264,0
1483,E01001398,51.63934,-0.07239,149,0
1487,E01001402,51.63396,-0.08783,228,0
1489,E01001404,51.62538,-0.08423,174,0
1493,E01001408,51.66493,-0.08555,196,0
1494,E01001409,51.66134,-0.0613,254,1
1496,E01001411,51.66456,-0.08107,217,0
1499,E01001414,51.66735,-0.09463,193,0
1500,E01001415,51.65314,-0.14847,250,0
1501,E01001416,51.64551,-0.12258,207,0
1502,E01001417,51.66932,-0.15996,235,0
1504,E01001419,51.64831,-0.13122,230,0
1505,E01001420,51.64227,-0.1392,217,0
1506,E01001421,51.63882,-0.13637,187,0
1508,E01001423,51.62474,-0.06804,194,0
1512,E01001427,51.61678,-0.0416,170,0
1514,E01001429,51.62452,-0.0573,260,0
1522,E01001437,51.65706,-0.02742,274,0
1528,E01001444,51.67872,-0.03112,233,0
1540,E01001456,51.63804,-0.09465,163,0
1543,E01001459,51.63175,-0.06899,214,0
1544,E01001460,51.62784,-0.06404,256,0
1546,E01001462,51.62836,-0.06821,168,0
1548,E01001464,51.6226,-0.07478,152,0
1549,E01001465,51.61878,-0.08289,187,1
1551,E01001467,51.61845,-0.07802,238,0
1552,E01001468,51.66728,-0.10469,176,1
1554,E01001470,51.65834,-0.11541,198,0
1562,E01001478,51.63724,-0.06056,203,0
1564,E01001480,51.63531,-0.06605,182,0
1568,E01001484,51.64073,-0.05595,169,0
1570,E01001486,51.62331,-0.04911,254,0
1571,E01001487,51.63121,-0.05268,238,0
1581,E01001498,51.61885,-0.10552,218,0
1587,E01001504,51.64987,-0.04046,252,0
1589,E01001507,51.64598,-0.04529,326,0
1590,E01001508,51.64585,-0.05015,309,0
1594,E01001513,51.65309,-0.05899,247,0
1597,E01001516,51.66172,-0.05661,245,0
1602,E01001522,51.64588,-0.11405,210,0
1603,E01001523,51.64077,-0.12163,217,0
1618,E01001538,51.66137,-0.06936,190,0
1622,E01001542,51.6595,-0.07776,181,0
1623,E01001543,51.65871,-0.07176,189,0
1633,E01001553,51.61047,-0.08715,205,0
1635,E01001555,51.61069,-0.06367,268,0
1639,E01001559,51.60986,-0.04447,261,0
1640,E01001560,51.61415,-0.08619,181,0
1641,E01001562,51.61378,-0.07968,261,0
1646,E01001567,51.6375,-0.10473,181,0
1655,E01033926,51.64372,-0.02567,328,0
1665,E01001578,51.49139,0.117836,289,0
1667,E01001580,51.47629,0.014385,185,0
1672,E01001585,51.48228,0.01341,168,0
1673,E01001586,51.48029,0.014503,162,0
1676,E01001589,51.48643,0.039203,202,0
1678,E01001591,51.48344,0.03472,239,0
1679,E01001592,51.48217,0.025229,214,0
1681,E01001594,51.48039,0.03045,262,0
1682,E01001595,51.47882,0.033261,238,0
1689,E01001602,51.43122,0.054339,237,0
1699,E01001613,51.44983,0.067163,201,0
1700,E01001614,51.45389,0.079034,167,0
1701,E01001615,51.44399,0.052998,240,0
1703,E01001618,51.44269,0.081562,223,0
1704,E01001619,51.43954,0.07395,219,0
1705,E01001620,51.45506,0.040756,180,0
1706,E01001621,51.45567,0.047246,189,0
1710,E01001629,51.48993,0.07641,234,0
1711,E01001631,51.48995,0.082533,240,0
1712,E01001632,51.48639,0.083797,243,0
1713,E01001633,51.48438,0.075351,229,0
1717,E01001637,51.48212,0.078288,205,0
1722,E01001645,51.47034,0.03719,203,0
1723,E01001646,51.47198,0.046032,333,1
1728,E01001651,51.47491,0.04108,207,0
1736,E01001659,51.45122,0.022982,181,1
1740,E01001665,51.4859,0.01331,221,0
1741,E01001666,51.48994,0.028383,263,0
1743,E01001671,51.47943,0.093014,184,0
1744,E01001672,51.49139,0.097552,225,0
1745,E01001673,51.4888,0.087206,291,0
1747,E01001675,51.48689,0.090734,275,0
1750,E01001678,51.47414,0.091936,201,0
1757,E01001685,51.47681,0.091814,175,0
1766,E01001696,51.48804,0.066443,304,0
1767,E01001697,51.48353,0.066872,286,0
1768,E01001698,51.48016,0.066288,218,0
1770,E01001700,51.48332,0.071097,276,0
1771,E01001701,51.47592,0.05616,203,0
1773,E01001703,51.47959,0.069949,237,0
1775,E01001705,51.48923,0.056888,248,0
1778,E01001712,51.49243,0.056471,252,0
1781,E01033728,51.48319,-0.02019,199,0
1782,E01033729,51.44706,0.078076,303,0
1783,E01033732,51.49347,0.011786,122,0
1786,E01033736,51.49439,0.069121,295,0
1787,E01033737,51.49307,0.063529,231,1
1788,E01033738,51.48725,0.018887,219,0
1790,E01033740,51.49909,0.086163,171,0
1791,E01033741,51.49733,0.09405,271,0
1799,E01034175,51.45685,0.028269,231,0
1800,E01034176,51.4579,0.033685,240,0
1807,E01034183,51.48943,0.005904,170,0
1809,E01034185,51.4842,0.008137,133,0
1815,E01034191,51.48901,0.003119,214,0
1817,E01034193,51.49936,0.009193,219,0
1821,E01034198,51.49158,0.037921,249,0
1822,E01001714,51.56817,-0.09318,276,0
1825,E01001717,51.56505,-0.09484,119,0
1826,E01001718,51.56357,-0.10073,212,0
1828,E01001720,51.56181,-0.09587,205,0
1829,E01001722,51.56364,-0.06196,273,0
1830,E01001723,51.5645,-0.06793,226,0
1831,E01001724,51.56508,-0.07102,337,0
1834,E01001727,51.56731,-0.06474,214,0
1835,E01001728,51.56554,-0.0625,229,0
1836,E01001729,51.5489,-0.04504,230,1
1837,E01001730,51.54679,-0.04544,323,0
1838,E01001731,51.54545,-0.05136,313,0
1840,E01001733,51.55192,-0.04317,219,0
1841,E01001734,51.55056,-0.05371,218,0
1842,E01001735,51.54932,-0.04989,191,0
1846,E01001739,51.55435,-0.08527,227,0
1851,E01001745,51.55339,-0.06963,252,0
1853,E01001747,51.55108,-0.07585,274,0
1854,E01001749,51.54558,-0.06639,171,0
1855,E01001750,51.54066,-0.07931,252,0
1856,E01001751,51.54291,-0.08257,170,0
1859,E01001756,51.54453,-0.07982,244,0
1861,E01001758,51.55085,-0.05962,310,0
1863,E01001760,51.54854,-0.05562,236,0
1865,E01001762,51.54589,-0.0579,198,0
1868,E01001765,51.55685,-0.06248,217,0
1870,E01001768,51.56133,-0.06301,215,0
1874,E01001773,51.53607,-0.0744,299,0
1878,E01001777,51.53107,-0.07624,337,0
1882,E01001784,51.5312,-0.08188,212,0
1883,E01001785,51.55103,-0.03822,185,0
1885,E01001787,51.55878,-0.04235,182,0
1886,E01001788,51.55529,-0.03805,181,0
1889,E01001791,51.5528,-0.03828,169,0
1890,E01001792,51.55999,-0.05317,228,0
1892,E01001794,51.55624,-0.05273,218,0
1895,E01001798,51.56195,-0.0551,280,0
1906,E01001809,51.57343,-0.07534,213,0
1907,E01001811,51.574,-0.08431,214,0
1909,E01001813,51.57226,-0.09436,219,0
1916,E01001822,51.56505,-0.0573,235,0
1917,E01001823,51.57477,-0.06155,193,0
1922,E01001828,51.56702,-0.0545,236,0
1924,E01001830,51.55766,-0.07623,217,0
1927,E01001833,51.55544,-0.07137,239,0
1928,E01001834,51.55471,-0.0744,229,0
1933,E01001839,51.54076,-0.05402,302,0
1940,E01001846,51.54836,-0.02468,141,0
1941,E01001847,51.54837,-0.03561,163,0
1943,E01001849,51.54557,-0.0215,340,0
1946,E01033700,51.54622,-0.07329,288,0
1949,E01033704,51.5418,-0.05856,288,0
1951,E01033706,51.52781,-0.07836,192,1
1952,E01033708,51.52396,-0.08043,269,0
1953,E01033709,51.53048,-0.0864,241,0
1958,E01035638,51.57285,-0.0903,227,0
1959,E01035639,51.57012,-0.09173,221,0
1961,E01035641,51.54722,-0.07072,171,0
1967,E01035647,51.53215,-0.09545,128,0
1969,E01035649,51.53033,-0.09415,162,0
1972,E01001852,51.50224,-0.21753,201,0
1974,E01001854,51.50177,-0.22002,216,0
1975,E01001855,51.49948,-0.21388,210,0
1978,E01001858,51.50229,-0.23711,225,0
1979,E01001859,51.50166,-0.25201,325,0
1980,E01001860,51.50592,-0.23962,215,0
1982,E01001862,51.50363,-0.23424,226,0
1986,E01001866,51.49555,-0.21058,192,0
1990,E01001870,51.49286,-0.20398,213,0
1992,E01001872,51.4919,-0.21033,160,0
1994,E01001875,51.51591,-0.2457,212,0
1995,E01001876,51.51911,-0.24102,283,0
1996,E01001877,51.52702,-0.23881,275,0
2000,E01001881,51.48235,-0.19961,225,0
2002,E01001883,51.48556,-0.19652,257,1
2003,E01001884,51.48439,-0.20056,217,0
2005,E01001886,51.48399,-0.21125,198,0
2006,E01001887,51.48351,-0.21828,181,0
2009,E01001890,51.48659,-0.2186,223,0
2010,E01001891,51.48682,-0.2224,357,0
2011,E01001892,51.48669,-0.21408,167,0
2017,E01001898,51.49469,-0.22437,328,0
2028,E01001909,51.48675,-0.20625,220,0
2029,E01001910,51.48908,-0.21141,155,0
2030,E01001911,51.49053,-0.20239,218,0
2036,E01001917,51.48101,-0.22097,190,0
2042,E01001923,51.47654,-0.19002,179,0
2047,E01001928,51.49716,-0.236,232,0
2049,E01001930,51.4989,-0.24197,220,1
2053,E01001934,51.46677,-0.19631,241,0
2054,E01001935,51.47136,-0.18792,254,0
2055,E01001937,51.46934,-0.19242,226,0
2059,E01001942,51.50524,-0.23188,228,0
2060,E01001943,51.50719,-0.22235,287,0
2062,E01001945,51.50824,-0.23144,207,0
2063,E01001946,51.50977,-0.22823,232,0
2065,E01001948,51.4752,-0.20345,228,0
2069,E01001952,51.47159,-0.20863,215,0
2072,E01001955,51.51214,-0.23747,258,0
2076,E01001959,51.51235,-0.24407,263,0
2077,E01001960,51.50814,-0.2363,210,0
2079,E01032788,51.46885,-0.18605,209,0
2082,E01035484,51.52182,-0.23236,220,0
2083,E01035485,51.51383,-0.22496,246,0
2084,E01035486,51.47614,-0.18416,310,0
2086,E01001962,51.60486,-0.1387,224,0
2096,E01001972,51.60015,-0.11993,213,1
2097,E01001973,51.60718,-0.12921,316,0
2101,E01001977,51.5961,-0.07755,194,0
2103,E01001979,51.59281,-0.0725,290,0
2108,E01001984,51.57528,-0.1285,205,0
2113,E01001989,51.58046,-0.13326,222,0
2114,E01001990,51.58041,-0.12219,255,0
2119,E01001995,51.60045,-0.15537,345,0
2120,E01001996,51.59543,-0.15135,192,0
2121,E01001997,51.59359,-0.14581,221,0
2129,E01002005,51.57318,-0.13959,176,0
2130,E01002006,51.57282,-0.13585,197,0
2131,E01002007,51.57512,-0.1455,180,0
2132,E01002008,51.57481,-0.15965,177,0
2136,E01002013,51.58816,-0.12439,171,0
2141,E01002018,51.5909,-0.12313,162,0
2142,E01002019,51.5856,-0.13432,171,0
2145,E01002022,51.58771,-0.14699,270,0
2146,E01002023,51.58782,-0.14284,169,0
2147,E01002024,51.58397,-0.12702,157,0
2153,E01002030,51.59216,-0.1118,271,0
2154,E01002031,51.59128,-0.10554,256,0
2155,E01002032,51.5979,-0.10001,225,0
2157,E01002034,51.60551,-0.06753,309,0
2162,E01002040,51.60068,-0.05942,292,0
2164,E01002042,51.58007,-0.09195,189,1
2165,E01002043,51.58384,-0.09162,227,0
2169,E01002047,51.57878,-0.09584,209,0
2171,E01002049,51.58444,-0.08713,242,0
2174,E01002052,51.57949,-0.06434,271,0
2175,E01002053,51.57755,-0.07814,274,0
2177,E01002055,51.57679,-0.07122,258,0
2178,E01002056,51.57621,-0.08404,372,0
2180,E01002058,51.57566,-0.09547,201,0
2186,E01002064,51.57036,-0.11132,186,0
2188,E01002066,51.58725,-0.07158,340,0
2190,E01002068,51.58463,-0.0624,297,0
2191,E01002069,51.58673,-0.07529,275,0
2192,E01002070,51.58652,-0.08026,335,0
2194,E01002072,51.58204,-0.07139,266,0
2196,E01002074,51.59906,-0.06529,285,0
2199,E01002077,51.59566,-0.06733,285,0
2200,E01002078,51.58702,-0.05621,346,0
2205,E01002084,51.58997,-0.09229,227,0
2206,E01002085,51.59,-0.10021,272,0
2209,E01002088,51.59544,-0.09113,235,0
2212,E01002091,51.60585,-0.08365,239,0
2215,E01002094,51.60258,-0.08223,187,0
2218,E01002097,51.59955,-0.08937,201,0
2227,E01032575,51.60617,-0.07166,260,0
2229,E01033943,51.59317,-0.05919,351,0
2230,E01033944,51.58855,-0.06051,498,0
2231,E01033945,51.59081,-0.11662,166,0
2233,E01002106,51.60266,-0.3227,175,0
2238,E01002111,51.6026,-0.31508,197,0
2241,E01002114,51.63278,-0.31634,204,0
2243,E01002116,51.61242,-0.28656,140,0
2244,E01002118,51.60956,-0.28269,195,0
2252,E01002127,51.58181,-0.32176,177,0
2253,E01002128,51.58349,-0.33985,192,0
2254,E01002129,51.57857,-0.33847,290,0
2255,E01002130,51.58675,-0.33167,294,0
2260,E01002135,51.55987,-0.33687,189,0
2271,E01002146,51.61371,-0.37809,127,0
2275,E01002150,51.60797,-0.36818,218,0
2278,E01002153,51.58172,-0.36862,171,0
2284,E01002160,51.58221,-0.34822,230,0
2285,E01002161,51.58661,-0.35905,188,0
2290,E01002166,51.58702,-0.29189,162,0
2303,E01002179,51.59275,-0.3387,237,0
2304,E01002181,51.59267,-0.34378,308,0
2305,E01002182,51.58758,-0.33602,202,0
2306,E01002183,51.59746,-0.32761,190,0
2315,E01002192,51.59346,-0.38928,148,0
2317,E01002194,51.58836,-0.38806,163,0
2318,E01002195,51.58396,-0.37762,148,0
2325,E01002202,51.59609,-0.29253,219,0
2326,E01002203,51.60061,-0.29569,164,0
2333,E01002211,51.56744,-0.36352,134,0
2334,E01002212,51.56481,-0.36712,180,0
2338,E01002217,51.56998,-0.36226,202,0
2341,E01002220,51.56067,-0.36894,147,0
2342,E01002221,51.55874,-0.35656,150,0
2343,E01002222,51.55738,-0.36689,145,0
2347,E01002226,51.61815,-0.31375,248,0
2348,E01002227,51.61524,-0.33024,197,0
2349,E01002228,51.61426,-0.32262,205,0
2352,E01002231,51.60124,-0.32786,187,0
2353,E01002232,51.60185,-0.34204,191,0
2354,E01002233,51.59931,-0.33628,232,0
2357,E01002236,51.59734,-0.3398,220,0
2358,E01002237,51.57844,-0.34585,202,0
2359,E01002238,51.57882,-0.35413,166,0
2360,E01002239,51.57733,-0.36283,179,1
2362,E01002241,51.57249,-0.36071,171,0
2363,E01002242,51.58168,-0.36253,156,0
2367,E01034591,51.59293,-0.32626,210,0
2371,E01034595,51.58356,-0.32882,141,0
2372,E01034596,51.58086,-0.33153,130,0
2374,E01034598,51.57861,-0.3349,135,0
2377,E01002243,51.58216,0.174103,232,0
2381,E01002247,51.57437,0.170095,294,0
2386,E01002253,51.57165,0.256452,182,0
2409,E01002276,51.62094,0.229092,235,0
2411,E01002278,51.61062,0.226953,194,0
2413,E01002280,51.60892,0.215807,207,0
2414,E01002281,51.60687,0.231564,283,0
2417,E01002284,51.60352,0.224165,239,0
2418,E01002285,51.54922,0.218358,192,1
2422,E01002289,51.55573,0.231658,193,0
2425,E01002292,51.55224,0.233998,183,0
2427,E01002295,51.58949,0.226843,238,0
2432,E01002300,51.59657,0.23077,227,0
2442,E01002310,51.59577,0.216957,227,0
2443,E01002311,51.5964,0.202968,212,0
2445,E01002313,51.60845,0.206137,257,0
2446,E01002314,51.60402,0.213619,209,0
2448,E01002316,51.59961,0.216075,246,0
2451,E01002319,51.56532,0.191005,226,0
2453,E01002321,51.56437,0.203714,200,0
2457,E01002325,51.59195,0.155643,259,0
2466,E01002334,51.59645,0.187131,199,0
2467,E01002335,51.59254,0.170008,172,0
2472,E01002340,51.58592,0.176939,170,0
2477,E01002345,51.51822,0.19477,229,0
2482,E01002350,51.57106,0.185032,199,1
2485,E01002353,51.5825,0.184007,234,0
2488,E01002356,51.575,0.180559,270,0
2489,E01002358,51.57399,0.188982,256,0
2491,E01002360,51.55877,0.226368,158,0
2492,E01002361,51.56218,0.216189,220,0
2499,E01002368,51.52737,0.171638,432,0
2501,E01002370,51.51685,0.171786,382,0
2510,E01002379,51.5816,0.206914,191,0
2511,E01002380,51.58269,0.214357,261,0
2516,E01002385,51.53523,0.260563,172,0
2517,E01002386,51.55569,0.24376,233,0
2529,E01033788,51.56688,0.181022,179,0
2530,E01002392,51.5313,-0.41059,236,0
2531,E01002393,51.52949,-0.40179,304,0
2534,E01002396,51.52034,-0.40081,243,0
2535,E01002397,51.52221,-0.41859,289,0
2536,E01002398,51.52238,-0.4136,252,0
2538,E01002400,51.51643,-0.44384,276,0
2539,E01002401,51.52203,-0.43066,317,0
2540,E01002402,51.5208,-0.4384,222,0
2541,E01002403,51.51955,-0.43579,328,0
2542,E01002404,51.51622,-0.42955,272,0
2546,E01002410,51.53106,-0.45397,277,0
2548,E01002412,51.52614,-0.46282,316,1
2549,E01002413,51.52007,-0.47811,225,0
2550,E01002414,51.53365,-0.46772,323,0
2551,E01002415,51.56462,-0.40012,229,0
2553,E01002417,51.57574,-0.40185,238,0
2554,E01002418,51.57362,-0.38943,230,0
2555,E01002419,51.57344,-0.39527,241,0
2557,E01002421,51.56786,-0.39307,229,0
2559,E01002423,51.52885,-0.43282,274,0
2560,E01002424,51.53072,-0.41648,237,0
2561,E01002425,51.53416,-0.42707,230,0
2562,E01002426,51.52645,-0.41905,278,0
2569,E01002433,51.58316,-0.40488,309,0
2574,E01002438,51.61741,-0.48281,186,0
2579,E01002443,51.4848,-0.42552,297,0
2580,E01002444,51.47398,-0.46351,318,0
2582,E01002446,51.49143,-0.46598,439,0
2583,E01002447,51.48748,-0.44961,318,1
2589,E01002453,51.542,-0.44461,232,0
2590,E01002454,51.54389,-0.42829,255,0
2591,E01002455,51.53321,-0.44288,272,0
2592,E01002456,51.53713,-0.4489,226,0
2595,E01002459,51.56921,-0.451,217,0
2601,E01002465,51.5648,-0.41612,228,0
2602,E01002466,51.56495,-0.40461,220,0
2603,E01002467,51.56774,-0.42474,216,0
2604,E01002468,51.56731,-0.40778,221,0
2606,E01002470,51.57228,-0.41586,258,0
2607,E01002471,51.57324,-0.4088,216,0
2608,E01002472,51.60903,-0.43052,221,0
2609,E01002473,51.60223,-0.44008,217,0
2610,E01002474,51.6008,-0.42087,231,0
2613,E01002477,51.61369,-0.41706,167,0
2615,E01002479,51.59371,-0.41871,242,0
2616,E01002480,51.59328,-0.40053,243,0
2617,E01002481,51.59264,-0.40695,212,0
2618,E01002482,51.60991,-0.40899,206,0
2619,E01002483,51.60207,-0.4051,259,0
2621,E01002485,51.59974,-0.41222,283,0
2630,E01002494,51.55745,-0.42609,228,0
2631,E01002495,51.55974,-0.40774,243,0
2632,E01002496,51.55817,-0.38297,265,0
2633,E01002497,51.55615,-0.39388,350,1
2635,E01002499,51.54924,-0.40538,288,0
2642,E01002508,51.51911,-0.41545,283,0
2645,E01002512,51.55367,-0.4682,284,0
2647,E01002514,51.55044,-0.48048,275,0
2650,E01002519,51.52338,-0.48503,288,0
2651,E01002520,51.53869,-0.49097,280,0
2652,E01002521,51.54579,-0.48505,325,0
2655,E01002526,51.50361,-0.46106,411,0
2663,E01002535,51.57339,-0.42461,296,0
2665,E01002537,51.56744,-0.44087,331,0
2666,E01002538,51.59146,-0.43562,221,0
2668,E01002540,51.52981,-0.39063,243,0
2669,E01002541,51.52678,-0.38305,274,0
2670,E01002542,51.52768,-0.39634,287,0
2671,E01002543,51.52632,-0.3922,287,0
2672,E01002544,51.52027,-0.38496,236,0
2674,E01002546,51.51784,-0.39728,236,0
2675,E01002547,51.51564,-0.39031,238,0
2676,E01002548,51.51303,-0.46025,297,0
2677,E01002549,51.5209,-0.45076,275,0
2678,E01002550,51.52057,-0.46983,255,0
2679,E01002551,51.52097,-0.46068,281,0
2682,E01032577,51.56309,-0.38761,233,0
2685,E01034603,51.54187,-0.46446,218,0
2687,E01034605,51.53967,-0.47285,239,0
2688,E01034606,51.53475,-0.47932,334,0
2689,E01034607,51.53259,-0.48494,318,0
2692,E01034610,51.51797,-0.42225,250,1
2699,E01034617,51.50111,-0.41749,427,0
2705,E01002560,51.45069,-0.42777,231,0
2707,E01002562,51.49647,-0.2909,154,0
2710,E01002565,51.4901,-0.30919,262,0
2712,E01002569,51.48972,-0.2537,225,0
2719,E01002576,51.48369,-0.2714,168,0
2722,E01002579,51.47828,-0.27076,183,0
2728,E01002585,51.47515,-0.40406,197,0
2732,E01002589,51.46747,-0.40201,273,0
2735,E01002592,51.4615,-0.41281,239,1
2743,E01002601,51.43545,-0.43512,207,0
2750,E01002608,51.433,-0.3916,213,0
2753,E01002611,51.44816,-0.39444,222,0
2760,E01002618,51.48034,-0.37734,222,0
2762,E01002620,51.48621,-0.37716,333,0
2763,E01002621,51.47594,-0.37647,240,0
2764,E01002622,51.47673,-0.38933,206,0
2766,E01002624,51.47307,-0.38263,189,0
2767,E01002625,51.49239,-0.37695,187,0
2770,E01002628,51.48087,-0.37025,238,0
2771,E01002629,51.47418,-0.36834,311,0
2774,E01002632,51.48635,-0.38656,216,0
2778,E01002636,51.48221,-0.39005,225,0
2779,E01002637,51.49563,-0.4061,208,0
2782,E01002640,51.47363,-0.36053,249,0
2783,E01002641,51.47052,-0.36396,318,0
2784,E01002643,51.4728,-0.34695,292,0
2785,E01002645,51.46694,-0.35685,242,0
2786,E01002646,51.4641,-0.37498,246,0
2788,E01002649,51.46215,-0.36638,226,0
2789,E01002650,51.45695,-0.38762,266,0
2790,E01002651,51.46143,-0.37188,218,0
2791,E01002652,51.45888,-0.37309,200,0
2801,E01002662,51.47038,-0.37278,278,0
2802,E01002663,51.46838,-0.38055,242,0
2805,E01002667,51.46831,-0.32373,247,0
2806,E01002668,51.46802,-0.33124,245,0
2810,E01002672,51.45766,-0.33841,173,1
2812,E01002674,51.47899,-0.34877,226,0
2813,E01002675,51.4792,-0.33507,261,0
2816,E01002678,51.49012,-0.34386,225,0
2817,E01002679,51.48335,-0.33388,205,0
2819,E01002681,51.47357,-0.32698,252,0
2820,E01002682,51.47821,-0.32512,253,0
2822,E01002687,51.49034,-0.27295,172,0
2824,E01002690,51.48951,-0.2633,149,0
2827,E01002693,51.49219,-0.25967,185,0
2833,E01033083,51.46816,-0.36254,289,0
2836,E01034033,51.48338,-0.31153,239,0
2839,E01034036,51.47185,-0.35545,231,0
2840,E01034037,51.46898,-0.35213,229,0
2841,E01034038,51.46792,-0.37212,201,0
2845,E01034042,51.49189,-0.29054,269,0
2852,E01002696,51.53646,-0.10845,243,0
2856,E01002700,51.53843,-0.11082,182,0
2857,E01002701,51.52666,-0.09045,198,0
2858,E01002702,51.52789,-0.0953,472,0
2860,E01002704,51.52264,-0.08939,345,0
2861,E01002706,51.52433,-0.0938,293,0
2863,E01002708,51.54272,-0.12204,303,1
2867,E01002712,51.54373,-0.11607,192,0
2868,E01002713,51.546,-0.11657,374,0
2869,E01002714,51.54012,-0.1155,211,0
2871,E01002716,51.54519,-0.08752,314,0
2874,E01002719,51.5443,-0.09738,199,0
2875,E01002720,51.54345,-0.09223,282,0
2885,E01002730,51.55923,-0.11433,253,0
2887,E01002733,51.56133,-0.12069,185,0
2896,E01002742,51.56029,-0.09588,266,0
2897,E01002743,51.55629,-0.09287,206,0
2898,E01002744,51.55484,-0.09528,171,0
2899,E01002745,51.55398,-0.1008,192,0
2903,E01002751,51.55646,-0.11205,241,0
2907,E01002755,51.57301,-0.12431,169,0
2910,E01002758,51.571,-0.12646,237,0
2915,E01002764,51.55076,-0.12511,249,0
2916,E01002765,51.54882,-0.11903,428,0
2926,E01002775,51.54826,-0.09282,187,0
2927,E01002776,51.54834,-0.08549,256,0
2928,E01002777,51.54891,-0.08183,224,0
2929,E01002778,51.5472,-0.07951,265,0
2930,E01002779,51.55185,-0.08831,252,0
2931,E01002780,51.55007,-0.08893,231,0
2934,E01002783,51.55116,-0.12807,223,0
2935,E01002784,51.55384,-0.13117,243,0
2936,E01002785,51.56003,-0.12597,248,0
2939,E01002788,51.55672,-0.12927,249,0
2948,E01002797,51.53959,-0.09439,246,0
2949,E01002798,51.53657,-0.09205,265,0
2951,E01002800,51.53531,-0.09485,241,0
2953,E01002802,51.53352,-0.09904,256,0
2954,E01002804,51.56864,-0.12122,205,0
2956,E01002806,51.5682,-0.11699,219,0
2958,E01002808,51.5655,-0.1184,262,0
2965,E01033489,51.52422,-0.10082,229,0
2968,E01033493,51.55785,-0.10304,171,0
2970,E01035651,51.56091,-0.11605,220,0
2972,E01035653,51.55649,-0.108,202,0
2974,E01035655,51.53288,-0.10334,236,0
2976,E01002812,51.4964,-0.19119,210,0
2977,E01002813,51.49681,-0.19485,196,0
2978,E01002814,51.49331,-0.20224,344,0
2987,E01002825,51.5038,-0.19884,252,0
2989,E01002827,51.50782,-0.19306,238,0
2991,E01002829,51.51738,-0.20189,170,0
2994,E01002832,51.51517,-0.20198,209,0
2995,E01002833,51.51442,-0.20505,154,0
2997,E01002835,51.49334,-0.18135,209,0
3000,E01002839,51.4936,-0.18956,212,0
3005,E01002844,51.48471,-0.17064,159,0
3010,E01002849,51.49026,-0.19232,208,0
3013,E01002852,51.52686,-0.22143,338,0
3026,E01002865,51.50109,-0.19788,209,0
3027,E01002866,51.50158,-0.21161,240,0
3028,E01002867,51.49794,-0.20739,234,0
3030,E01002869,51.50428,-0.21402,224,0
3032,E01002871,51.50826,-0.20864,195,0
3035,E01002874,51.51423,-0.20925,145,0
3037,E01002876,51.51826,-0.22197,240,0
3038,E01002877,51.51463,-0.22061,297,0
3039,E01002878,51.51651,-0.21395,192,1
3040,E01002879,51.5148,-0.21217,258,0
3043,E01002882,51.51174,-0.2032,129,0
3044,E01002883,51.51013,-0.19995,220,0
3047,E01002886,51.51341,-0.19784,173,0
3049,E01002888,51.49606,-0.18658,239,0
3050,E01002889,51.50063,-0.19044,226,0
3054,E01002893,51.48644,-0.19021,208,0
3056,E01002896,51.48719,-0.18584,218,0
3057,E01002897,51.48324,-0.18848,212,0
3058,E01002898,51.48983,-0.18643,233,0
3064,E01002904,51.52419,-0.22347,176,0
3066,E01002906,51.52203,-0.21937,239,0
3069,E01002909,51.51897,-0.21416,279,0
3071,E01002911,51.48493,-0.17722,178,0
3072,E01002912,51.48404,-0.18176,215,0
3073,E01002913,51.48186,-0.18287,233,0
3075,E01035713,51.49143,-0.17569,286,0
3076,E01035714,51.48801,-0.18057,294,0
3083,E01002921,51.39401,-0.29689,185,0
3088,E01002926,51.39614,-0.2824,177,0
3090,E01002928,51.39945,-0.26397,200,1
3091,E01002929,51.40655,-0.25157,176,0
3095,E01002933,51.41626,-0.29589,211,0
3109,E01002948,51.34509,-0.31463,235,0
3112,E01002951,51.41926,-0.28183,165,0
3115,E01002954,51.4144,-0.28053,158,0
3119,E01002958,51.40452,-0.26617,184,0
3121,E01002960,51.41024,-0.27568,175,0
3122,E01002961,51.40947,-0.26379,181,0
3123,E01002962,51.40758,-0.27051,174,0
3125,E01002964,51.4091,-0.29907,289,0
3129,E01002968,51.40974,-0.30261,375,0
3138,E01002977,51.38511,-0.25747,179,0
3140,E01002979,51.38164,-0.25852,162,0
3141,E01002980,51.38875,-0.25758,153,0
3142,E01002981,51.39208,-0.263,171,0
3147,E01002986,51.39457,-0.26917,146,0
3148,E01002987,51.39467,-0.30452,197,0
3150,E01002989,51.39387,-0.30929,202,0
3153,E01002992,51.39852,-0.2889,195,0
3154,E01002993,51.38895,-0.309,168,0
3164,E01003003,51.38043,-0.2883,197,1
3176,E01003013,51.49959,-0.11602,331,0
3181,E01003018,51.45536,-0.1219,273,0
3182,E01003019,51.45777,-0.12613,278,0
3184,E01003021,51.45336,-0.1242,280,0
3185,E01003022,51.45231,-0.12851,211,0
3186,E01003023,51.44813,-0.12622,344,0
3188,E01003025,51.44647,-0.12077,276,0
3192,E01003029,51.45683,-0.13154,249,0
3193,E01003030,51.45375,-0.14492,241,0
3195,E01003032,51.45967,-0.13781,238,0
3196,E01003033,51.45649,-0.13884,241,0
3198,E01003035,51.46454,-0.13361,232,0
3199,E01003036,51.46675,-0.13853,246,0
3201,E01003038,51.46687,-0.14443,242,0
3202,E01003039,51.46362,-0.14082,272,0
3206,E01003043,51.45849,-0.11057,220,0
3208,E01003045,51.46907,-0.10997,280,0
3213,E01003050,51.45793,-0.1134,212,0
3214,E01003051,51.4635,-0.1041,290,0
3215,E01003052,51.46072,-0.10931,298,0
3217,E01003054,51.46302,-0.13237,298,0
3218,E01003055,51.4618,-0.11814,215,0
3219,E01003056,51.46224,-0.12517,212,0
3220,E01003057,51.46122,-0.12946,235,0
3221,E01003058,51.46088,-0.12482,263,0
3222,E01003059,51.46941,-0.11478,316,0
3225,E01003062,51.4215,-0.08216,237,0
3226,E01003063,51.42129,-0.08689,196,0
3229,E01003066,51.43026,-0.09863,257,0
3234,E01003071,51.45594,-0.10264,317,1
3235,E01003072,51.45829,-0.09723,247,0
3237,E01003074,51.45143,-0.10741,309,0
3239,E01003076,51.46672,-0.09516,352,0
3250,E01003087,51.4241,-0.10951,215,0
3251,E01003088,51.46473,-0.12579,208,0
3252,E01003089,51.47333,-0.13422,266,0
3253,E01003090,51.4679,-0.12785,343,0
3254,E01003091,51.47008,-0.13656,231,0
3255,E01003092,51.47119,-0.13092,318,0
3256,E01003093,51.47079,-0.12237,296,0
3259,E01003096,51.4655,-0.12209,309,0
3260,E01003097,51.47842,-0.12611,206,0
3263,E01003100,51.47943,-0.11381,287,0
3268,E01003106,51.49059,-0.1097,273,0
3271,E01003110,51.49296,-0.10775,282,0
3272,E01003111,51.4917,-0.11349,274,0
3273,E01003112,51.4925,-0.11785,233,0
3275,E01003114,51.42208,-0.13537,332,0
3277,E01003116,51.43684,-0.13482,247,0
3278,E01003117,51.43645,-0.1307,258,0
3279,E01003118,51.43205,-0.13252,269,0
3280,E01003119,51.42811,-0.1351,289,0
3281,E01003120,51.42831,-0.12798,343,0
3283,E01003122,51.47755,-0.13118,258,0
3285,E01003124,51.47577,-0.12358,189,0
3287,E01003126,51.47347,-0.12388,223,0
3288,E01003127,51.47168,-0.1194,289,0
3289,E01003128,51.47127,-0.12587,221,0
3291,E01003130,51.44151,-0.12281,257,0
3292,E01003131,51.4402,-0.12941,287,0
3297,E01003136,51.44497,-0.12887,219,0
3299,E01003138,51.44133,-0.13495,199,0
3300,E01003139,51.41589,-0.13748,212,0
3303,E01003142,51.41328,-0.139,190,0
3304,E01003143,51.41464,-0.14399,217,0
3305,E01003144,51.42027,-0.12132,209,0
3306,E01003145,51.41868,-0.13134,224,0
3307,E01003146,51.41905,-0.13813,219,0
3311,E01003150,51.42484,-0.12674,267,0
3312,E01003151,51.43526,-0.12337,269,0
3313,E01003152,51.43406,-0.121,246,1
3314,E01003153,51.43644,-0.1265,323,0
3315,E01003154,51.43013,-0.11744,273,0
3316,E01003155,51.43067,-0.12569,248,0
3317,E01003156,51.44595,-0.13849,205,0
3319,E01003158,51.44286,-0.13799,200,0
3320,E01003159,51.45161,-0.13214,243,0
3321,E01003160,51.44958,-0.13463,158,0
3322,E01003161,51.4486,-0.14147,169,0
3323,E01003162,51.44769,-0.13114,252,0
3324,E01003163,51.446,-0.13431,222,0
3325,E01003164,51.44185,-0.10434,313,0
3327,E01003166,51.43718,-0.10428,358,0
3330,E01003169,51.44448,-0.10637,301,0
3335,E01003174,51.44267,-0.11273,268,0
3337,E01003176,51.45767,-0.11643,270,0
3344,E01003183,51.4787,-0.1071,208,1
3347,E01003186,51.47227,-0.11583,323,0
3348,E01003187,51.47491,-0.10802,314,0
3350,E01032582,51.50191,-0.11223,376,1
3351,E01033208,51.48547,-0.12612,235,0
3355,E01033865,51.48205,-0.12059,388,0
3361,E01003193,51.43112,-0.03465,216,0
3366,E01003198,51.46349,0.004535,178,0
3368,E01003200,51.46981,0.005287,168,0
3371,E01003203,51.46005,0.003722,238,0
3377,E01003210,51.47035,-0.02927,206,0
3378,E01003211,51.4669,-0.02559,177,0
3382,E01003215,51.47416,-0.03478,228,0
3383,E01003216,51.44057,-0.01395,205,0
3384,E01003217,51.44116,-0.00541,238,0
3386,E01003219,51.43727,-0.00818,212,0
3391,E01003224,51.44333,-0.00553,208,0
3392,E01003225,51.44966,-0.02976,186,0
3397,E01003230,51.4447,-0.03808,231,0
3402,E01003236,51.42976,0.018481,196,0
3403,E01003237,51.42741,0.015658,200,0
3405,E01003239,51.42799,0.003557,192,0
3406,E01003240,51.42551,0.002125,242,0
3417,E01003253,51.48099,-0.02761,168,0
3419,E01003255,51.43971,-0.05579,236,1
3421,E01003257,51.43806,-0.06138,208,0
3422,E01003258,51.4324,-0.06762,174,0
3424,E01003260,51.4471,-0.05891,193,0
3426,E01003262,51.44421,-0.05225,182,0
3427,E01003263,51.43511,0.019997,223,0
3428,E01003264,51.4336,0.027815,204,0
3429,E01003265,51.4292,0.026268,198,0
3430,E01003266,51.43024,0.035118,209,0
3431,E01003267,51.42605,0.034514,212,0
3432,E01003268,51.44333,0.011337,210,0
3434,E01003270,51.44065,0.016069,197,0
3439,E01003275,51.45293,-0.02578,190,0
3442,E01003278,51.46609,-0.02036,247,0
3444,E01003280,51.44785,0.017753,190,0
3446,E01003282,51.4563,-0.00306,274,0
3447,E01003283,51.45635,0.005086,235,0
3448,E01003284,51.45524,-2e-05,220,0
3449,E01003285,51.45055,0.014245,202,0
3450,E01003286,51.45393,0.015747,206,0
3451,E01003287,51.45222,0.006157,218,0
3455,E01003292,51.45099,-0.00439,212,0
3456,E01003293,51.45178,-0.00817,190,0
3457,E01003295,51.44805,0.000923,207,0
3460,E01003299,51.47658,-0.04531,212,0
3463,E01003302,51.48025,-0.05191,216,1
3464,E01003303,51.47766,-0.03486,224,0
3475,E01003315,51.43985,-0.04809,156,0
3476,E01003316,51.43991,-0.04371,172,0
3481,E01003322,51.45076,-0.02007,186,0
3487,E01003328,51.42521,-0.05701,198,0
3490,E01003331,51.42792,-0.06217,175,0
3497,E01003338,51.47561,-0.0499,245,0
3505,E01003346,51.43379,0.006674,199,0
3509,E01003350,51.43382,-0.00409,162,0
3510,E01003351,51.43281,0.01158,201,0
3512,E01003353,51.42854,-0.00645,208,0
3513,E01003354,51.43894,0.00982,250,0
3515,E01032565,51.42086,0.004022,166,0
3516,E01032579,51.478,-0.02161,272,0
3517,E01033320,51.44635,-0.00269,184,0
3521,E01033327,51.45875,-0.0143,254,0
3522,E01033341,51.45731,-0.01114,146,0
3531,E01034395,51.46215,-0.01556,216,0
3540,E01003363,51.39768,-0.21253,170,0
3541,E01003364,51.39676,-0.21928,186,0
3542,E01003365,51.39858,-0.20424,146,0
3552,E01003376,51.40816,-0.18141,157,0
3554,E01003378,51.40313,-0.17266,222,0
3562,E01003386,51.40952,-0.15612,230,0
3580,E01003404,51.41727,-0.21916,187,1
3581,E01003405,51.40816,-0.1698,248,0
3584,E01003408,51.41136,-0.18103,188,0
3586,E01003410,51.40922,-0.17663,174,0
3589,E01003413,51.40945,-0.13869,202,0
3591,E01003415,51.40563,-0.13972,240,0
3592,E01003416,51.40336,-0.1449,165,0
3595,E01003419,51.38825,-0.22825,185,0
3596,E01003420,51.38316,-0.22233,151,0
3602,E01003426,51.40457,-0.19363,171,0
3603,E01003427,51.39828,-0.19916,198,0
3612,E01003436,51.39169,-0.18506,177,0
3614,E01003438,51.38843,-0.18555,185,0
3623,E01003447,51.40597,-0.2395,164,0
3624,E01003448,51.39421,-0.18943,236,0
3625,E01003449,51.39447,-0.19655,188,0
3627,E01003451,51.3891,-0.20325,199,0
3628,E01003452,51.3898,-0.19753,215,0
3631,E01003455,51.42314,-0.18188,171,0
3640,E01003464,51.43446,-0.21663,140,0
3643,E01003467,51.39873,-0.22622,170,0
3647,E01003471,51.40441,-0.23462,172,0
3650,E01003474,51.43313,-0.20582,128,0
3651,E01003476,51.42887,-0.19986,129,0
3652,E01003477,51.42705,-0.19316,153,0
3655,E01034579,51.42905,-0.18682,264,0
3656,E01034580,51.41889,-0.17977,171,0
3657,E01034581,51.41542,-0.17839,155,0
3658,E01003479,51.51211,0.051837,171,0
3659,E01003480,51.50955,0.067013,220,0
3660,E01003481,51.5104,0.057885,161,0
3661,E01003483,51.51832,0.046423,216,0
3663,E01003485,51.51482,0.050143,189,0
3666,E01003488,51.53404,0.041735,221,0
3667,E01003489,51.53345,0.037931,414,0
3668,E01003490,51.53248,0.044217,229,0
3669,E01003491,51.53383,0.034964,234,0
3672,E01003495,51.52663,0.045858,231,0
3673,E01003496,51.52763,0.008723,149,0
3674,E01003497,51.51926,0.00132,193,0
3676,E01003499,51.52355,0.02254,301,0
3677,E01003500,51.52457,0.002821,229,0
3679,E01003502,51.51921,0.016179,310,0
3680,E01003503,51.51771,0.009338,332,0
3683,E01003508,51.51692,0.019825,296,0
3689,E01003515,51.50943,0.034006,283,0
3692,E01003518,51.51496,0.039369,181,0
3697,E01003523,51.52936,0.056073,302,1
3698,E01003524,51.5336,0.046574,226,0
3699,E01003525,51.53341,0.050849,249,0
3701,E01003527,51.52846,0.051909,213,0
3703,E01003529,51.54358,0.051969,279,0
3707,E01003533,51.53949,0.042354,269,0
3713,E01003539,51.52253,0.042979,282,0
3717,E01003543,51.55255,0.028398,269,0
3720,E01003546,51.55173,0.023314,198,0
3721,E01003547,51.55265,0.032803,228,0
3727,E01003553,51.545,0.013165,252,0
3734,E01003560,51.5446,0.03928,190,0
3735,E01003561,51.5454,0.036547,193,0
3737,E01003563,51.5422,0.040283,290,0
3738,E01003564,51.54029,0.035785,273,0
3742,E01003568,51.53568,0.029595,295,0
3743,E01003569,51.53711,0.032283,282,0
3747,E01003573,51.54034,0.03149,275,0
3748,E01003574,51.53908,0.025737,290,0
3751,E01003577,51.55397,0.065174,271,0
3752,E01003578,51.5574,0.051653,224,0
3753,E01003579,51.54944,0.056055,216,0
3754,E01003580,51.54751,0.065516,229,0
3757,E01003583,51.54931,0.060477,225,0
3758,E01003584,51.55178,0.040265,218,0
3760,E01003586,51.54744,0.041469,211,0
3765,E01003591,51.55128,0.048868,251,0
3766,E01003592,51.53204,0.025685,216,0
3767,E01003593,51.52953,0.015697,182,0
3769,E01003595,51.52938,0.022943,204,1
3773,E01003599,51.53258,0.031519,185,0
3774,E01003600,51.53155,0.020487,195,0
3809,E01033586,51.53135,-0.00278,271,0
3818,E01034207,51.50727,0.073956,245,0
3824,E01034213,51.5493,-0.01417,249,0
3825,E01034214,51.54764,-0.00991,200,0
3826,E01034215,51.54732,-0.00765,187,0
3831,E01034220,51.54245,-0.00575,247,0
3832,E01034221,51.53818,-0.0061,254,0
3836,E01034225,51.50324,0.036511,201,1
3844,E01003639,51.58679,0.091231,243,0
3848,E01003643,51.57982,0.081861,241,0
3850,E01003645,51.57617,0.08487,305,0
3861,E01003656,51.60831,0.052893,161,0
3866,E01003661,51.57177,0.124137,229,0
3871,E01003666,51.57003,0.120333,303,0
3874,E01003670,51.60225,0.020157,155,0
3876,E01003672,51.59812,0.021201,171,0
3877,E01003673,51.59631,0.014176,191,0
3879,E01003675,51.57818,0.047306,192,0
3883,E01003679,51.58988,0.05915,177,0
3884,E01003680,51.58798,0.06533,172,0
3885,E01003681,51.58591,0.052258,204,0
3886,E01003682,51.58253,0.050879,186,0
3888,E01003684,51.55174,0.085368,203,0
3889,E01003685,51.55421,0.078297,215,0
3892,E01003689,51.55642,0.073623,260,0
3893,E01003690,51.56988,0.069026,237,0
3895,E01003692,51.57123,0.062276,171,0
3896,E01003693,51.56937,0.051514,176,0
3897,E01003694,51.57036,0.057027,149,0
3902,E01003699,51.60098,0.101096,161,0
3903,E01003700,51.59687,0.086136,269,0
3909,E01003706,51.5957,0.072986,174,0
3912,E01003709,51.59428,0.067406,183,0
3917,E01003714,51.56193,0.095761,266,0
3918,E01003715,51.56168,0.101073,230,0
3921,E01003719,51.56116,0.11604,261,0
3922,E01003720,51.60547,0.108582,203,0
3924,E01003722,51.61252,0.116955,250,0
3926,E01003724,51.61284,0.09721,151,0
3928,E01003726,51.61022,0.132952,305,0
3929,E01003727,51.61069,0.105777,186,0
3936,E01003735,51.54737,0.082775,213,0
3943,E01003742,51.55856,0.097669,252,0
3948,E01003747,51.61266,0.03398,137,0
3949,E01003748,51.6099,0.029105,163,0
3951,E01003750,51.60626,0.024047,194,0
3952,E01003751,51.57549,0.09992,222,1
3954,E01003753,51.57272,0.089373,214,0
3955,E01003754,51.57176,0.093629,179,0
3958,E01003757,51.56722,0.092267,221,0
3970,E01003770,51.57851,0.113641,292,0
3974,E01003774,51.5846,0.027284,194,0
3975,E01003775,51.58827,0.019811,167,0
3977,E01003777,51.58001,0.028062,180,0
3980,E01003780,51.59117,0.016865,155,0
3989,E01003789,51.57343,0.025966,144,0
3990,E01003790,51.56677,0.042133,157,0
3995,E01003795,51.57446,0.037989,129,0
3996,E01003796,51.57461,0.033046,163,0
3997,E01032581,51.56483,0.122054,208,0
3998,E01033589,51.5603,0.079239,207,0
4000,E01033591,51.5612,0.088888,347,0
4002,E01034480,51.56489,0.088235,142,0
4003,E01034481,51.56407,0.082657,175,0
4006,E01034484,51.55479,0.06951,181,0
4009,E01003799,51.47577,-0.23273,149,0
4013,E01003803,51.48486,-0.24064,144,0
4016,E01003806,51.44889,-0.26217,139,0
4022,E01003812,51.43278,-0.34654,176,1
4023,E01003813,51.43003,-0.35961,150,0
4027,E01003817,51.43175,-0.28841,185,0
4029,E01003819,51.44091,-0.32498,164,0
4034,E01003824,51.41986,-0.37183,151,0
4036,E01003826,51.41392,-0.38163,166,0
4040,E01003830,51.42766,-0.36711,182,0
4051,E01003841,51.45182,-0.37731,215,0
4052,E01003842,51.44755,-0.36876,164,0
4054,E01003844,51.4468,-0.36081,139,0
4061,E01003852,51.46804,-0.24068,129,0
4083,E01003874,51.46029,-0.29467,144,1
4091,E01003882,51.44452,-0.33431,195,0
4093,E01003884,51.44186,-0.34001,160,0
4094,E01003885,51.43825,-0.345,143,0
4102,E01003893,51.45688,-0.3105,160,0
4105,E01003896,51.44817,-0.32356,196,0
4108,E01003899,51.4427,-0.35258,134,0
4109,E01003900,51.43542,-0.35633,160,0
4110,E01003901,51.44417,-0.35809,175,0
4116,E01003907,51.45295,-0.37082,157,0
4122,E01003911,51.47425,-0.0855,279,0
4124,E01003913,51.47124,-0.08929,285,0
4125,E01003914,51.472,-0.08059,272,0
4127,E01003916,51.47844,-0.08411,336,0
4131,E01003920,51.47756,-0.09443,276,0
4133,E01003922,51.47244,-0.09552,319,0
4135,E01003924,51.47915,-0.09616,295,0
4138,E01003929,51.50345,-0.09277,283,0
4141,E01003933,51.49456,-0.10613,367,0
4142,E01003934,51.50646,-0.10422,294,0
4150,E01003942,51.49591,-0.08921,293,0
4152,E01003945,51.43469,-0.06907,238,0
4157,E01003950,51.44484,-0.07052,268,0
4158,E01003951,51.4374,-0.0855,191,0
4159,E01003952,51.45768,-0.07597,221,0
4160,E01003953,51.45969,-0.07868,274,0
4162,E01003955,51.45579,-0.06915,249,0
4163,E01003956,51.45271,-0.07468,250,0
4164,E01003957,51.45115,-0.06837,238,0
4165,E01003958,51.44923,-0.07201,265,0
4166,E01003960,51.49274,-0.0885,291,0
4169,E01003966,51.48895,-0.08001,302,0
4170,E01003969,51.4815,-0.09067,327,0
4175,E01003976,51.49839,-0.07792,320,0
4177,E01003979,51.4946,-0.08123,308,0
4178,E01003980,51.49167,-0.0787,276,0
4183,E01003987,51.4861,-0.05743,253,0
4184,E01003988,51.48131,-0.05716,296,0
4189,E01003993,51.48116,-0.1033,272,0
4192,E01003997,51.48522,-0.09925,171,0
4193,E01003998,51.48771,-0.10511,184,0
4194,E01003999,51.48563,-0.1033,201,0
4197,E01004002,51.46256,-0.04902,229,0
4198,E01004003,51.47711,-0.05555,244,0
4200,E01004005,51.4724,-0.06171,309,0
4202,E01004007,51.47831,-0.07362,191,0
4203,E01004008,51.47622,-0.06713,288,0
4204,E01004010,51.47544,-0.07086,240,0
4205,E01004011,51.47785,-0.07776,283,0
4206,E01004012,51.47994,-0.08089,315,0
4208,E01004014,51.48054,-0.07558,291,0
4212,E01004018,51.45104,-0.06308,254,0
4215,E01004021,51.46064,-0.06885,281,0
4217,E01004024,51.49445,-0.06033,276,0
4218,E01004028,51.49888,-0.07153,317,0
4219,E01004029,51.50255,-0.04835,269,0
4224,E01004034,51.4989,-0.05829,215,0
4227,E01004037,51.48982,-0.05905,271,0
4228,E01004038,51.4872,-0.06529,335,0
4252,E01004062,51.46618,-0.06564,299,0
4255,E01004065,51.46355,-0.0709,190,0
4256,E01004066,51.47217,-0.0766,335,0
4257,E01004067,51.4721,-0.06926,326,0
4258,E01004068,51.46798,-0.06203,269,0
4260,E01004070,51.45368,-0.08958,269,0
4262,E01004072,51.45283,-0.07947,216,0
4266,E01032583,51.50263,-0.10398,300,0
4270,E01032639,51.491,-0.09975,287,0
4282,E01033873,51.4942,-0.09473,300,0
4288,E01033879,51.48601,-0.08534,337,0
4289,E01033880,51.48485,-0.07442,280,0
4290,E01033881,51.48425,-0.08884,299,0
4292,E01033883,51.4756,-0.0628,268,0
4297,E01004078,51.37189,-0.13039,179,0
4299,E01004080,51.36727,-0.12714,145,0
4300,E01004081,51.36269,-0.13292,176,0
4315,E01004096,51.35158,-0.19116,167,0
4317,E01004098,51.36033,-0.1679,132,0
4318,E01004099,51.36756,-0.16361,175,0
4321,E01004102,51.36237,-0.16213,159,0
4324,E01004105,51.35362,-0.17136,195,0
4327,E01004108,51.33915,-0.16569,196,0
4329,E01004110,51.36033,-0.2147,207,0
4339,E01004121,51.3765,-0.2413,161,0
4341,E01004123,51.38357,-0.1848,247,0
4342,E01004124,51.38377,-0.19676,205,0
4345,E01004127,51.3772,-0.17443,195,0
4347,E01004129,51.38595,-0.1848,193,1
4349,E01004131,51.37734,-0.21782,204,0
4352,E01004134,51.38429,-0.21059,176,0
4355,E01004137,51.36335,-0.189,336,0
4362,E01004145,51.37766,-0.1974,247,0
4363,E01004146,51.37242,-0.1966,198,0
4366,E01004149,51.37179,-0.18957,195,0
4367,E01004150,51.35838,-0.1873,215,0
4368,E01004151,51.35769,-0.1831,201,0
4370,E01004153,51.35415,-0.18774,212,0
4372,E01004155,51.35362,-0.19712,209,0
4373,E01004156,51.35962,-0.19732,208,0
4387,E01004170,51.36234,-0.15254,232,0
4389,E01004172,51.36591,-0.15125,210,0
4391,E01004174,51.36262,-0.14543,159,0
4392,E01004175,51.37422,-0.15325,181,0
4393,E01004176,51.36744,-0.15692,149,0
4395,E01004178,51.35842,-0.14299,251,0
4401,E01004184,51.38667,-0.16777,170,0
4402,E01004185,51.38645,-0.1587,235,0
4403,E01004186,51.38351,-0.16147,175,0
4404,E01004187,51.38207,-0.1683,172,0
4405,E01004189,51.38984,-0.17554,208,0
4406,E01004190,51.37727,-0.233,137,0
4407,E01004191,51.37317,-0.22981,203,0
4410,E01004194,51.38136,-0.22463,171,0
4412,E01004196,51.37782,-0.22493,169,0
4414,E01034153,51.38078,-0.15612,145,0
4415,E01034154,51.37713,-0.15755,254,0
4416,E01034155,51.36693,-0.19587,223,0
4423,E01004203,51.5283,-0.06003,183,0
4424,E01004204,51.52894,-0.06393,194,0
4433,E01004216,51.49399,-0.00628,190,0
4438,E01004222,51.53428,-0.03074,284,0
4440,E01004226,51.53189,-0.02902,256,0
4442,E01004229,51.52782,-0.02955,149,0
4447,E01004234,51.53432,-0.04432,275,0
4449,E01004236,51.52674,-0.01362,159,0
4454,E01004243,51.51335,-0.00652,183,0
4455,E01004244,51.51252,-0.01735,205,0
4456,E01004245,51.51505,-0.00088,325,0
4457,E01004247,51.51264,-0.01187,274,0
4460,E01004251,51.51448,-0.03171,276,0
4465,E01004259,51.5285,-0.05096,179,0
4472,E01004270,51.52026,-0.03229,254,0
4478,E01004277,51.50554,-0.01776,172,0
4482,E01004286,51.51477,-0.03796,260,0
4484,E01004288,51.51489,-0.04263,176,0
4491,E01004296,51.50758,-0.05802,253,0
4497,E01004303,51.51052,-0.04576,304,0
4502,E01004308,51.52032,-0.0664,143,0
4503,E01004309,51.51767,-0.06713,322,0
4505,E01004311,51.52847,-0.0734,193,0
4519,E01032768,51.51117,-0.03736,132,0
4534,E01032785,51.52865,-0.04264,284,0
4536,E01032787,51.52542,-0.05166,262,0
4537,E01035657,51.54133,-0.01913,105,0
4538,E01035658,51.53994,-0.02406,169,0
4539,E01035659,51.53762,-0.02607,166,0
4540,E01035660,51.53345,-0.05552,150,0
4544,E01035664,51.52954,-0.06811,259,0
4550,E01035670,51.5243,-0.04172,468,1
4554,E01035674,51.52456,-0.02876,141,0
4556,E01035676,51.51668,-0.03082,161,0
4562,E01035682,51.51717,-0.04054,161,0
4568,E01035688,51.51375,-0.06969,265,0
4570,E01035690,51.51289,-0.03434,212,0
4574,E01035694,51.51249,-0.02673,244,0
4575,E01035695,51.51126,-0.02316,178,0
4587,E01004327,51.55834,0.01335,170,0
4588,E01004328,51.5561,0.006817,205,0
4589,E01004329,51.5562,0.015924,206,0
4591,E01004331,51.55457,0.017987,185,0
4596,E01004336,51.55315,-0.00689,185,0
4597,E01004337,51.55258,-0.00127,203,0
4600,E01004340,51.55832,0.000697,209,0
4601,E01004341,51.55606,0.005257,229,0
4604,E01004344,51.60023,-0.01339,214,1
4610,E01004350,51.63572,-0.0107,222,0
4613,E01004353,51.63031,0.016577,209,0
4616,E01004356,51.62988,-0.01637,190,0
4621,E01004361,51.62323,-0.02036,158,0
4624,E01004364,51.57602,-0.00326,229,0
4626,E01004366,51.57527,0.003245,216,1
4628,E01004368,51.57106,-0.0028,288,0
4632,E01004372,51.5643,-0.00325,178,0
4637,E01004377,51.59902,0.005098,210,0
4641,E01004381,51.60591,0.0013,217,0
4642,E01004382,51.60677,-0.0064,193,0
4651,E01004391,51.58347,-0.04822,270,0
4652,E01004392,51.58403,-0.03055,287,0
4654,E01004394,51.58124,-0.0352,223,0
4656,E01004396,51.58709,-0.03299,223,0
4659,E01004399,51.60373,-0.03224,215,0
4660,E01004400,51.59729,-0.03368,220,0
4661,E01004401,51.59308,-0.04435,270,0
4662,E01004402,51.595,-0.03054,220,0
4664,E01004404,51.59234,-0.03386,308,0
4665,E01004405,51.57845,-0.00952,191,0
4666,E01004406,51.5784,-0.01629,207,0
4675,E01004415,51.61933,-0.00818,178,0
4676,E01004416,51.61155,-0.00664,218,0
4682,E01004422,51.56782,-0.04125,315,0
4694,E01004436,51.5721,0.013251,166,0
4695,E01004437,51.5706,0.002694,199,0
4696,E01004438,51.5696,0.013689,249,0
4701,E01004443,51.58082,-0.02181,252,0
4702,E01004444,51.57921,-0.03025,398,0
4703,E01004445,51.57884,-0.02544,232,0
4704,E01004446,51.57843,-0.03437,293,0
4706,E01004448,51.57461,-0.03693,218,0
4709,E01004451,51.62045,-0.02065,205,0
4710,E01004452,51.61681,-0.02159,228,0
4712,E01004454,51.61222,-0.02241,228,0
4714,E01004456,51.60885,-0.0289,190,0
4729,E01034485,51.58912,-0.03674,229,0
4730,E01034486,51.58812,-0.04224,393,0
4733,E01004472,51.44892,-0.15126,170,0
4734,E01004473,51.4478,-0.14699,167,0
4735,E01004474,51.44462,-0.15044,200,0
4736,E01004475,51.44314,-0.14685,137,0
4739,E01004478,51.45414,-0.15923,146,0
4740,E01004479,51.45036,-0.16085,139,0
4743,E01004482,51.43247,-0.15512,150,0
4744,E01004483,51.43161,-0.14107,210,0
4751,E01004490,51.43696,-0.18376,151,0
4752,E01004491,51.43511,-0.17805,245,0
4764,E01004503,51.45561,-0.2113,170,0
4768,E01004507,51.45827,-0.20792,261,0
4769,E01004508,51.46064,-0.17552,205,0
4770,E01004510,51.45908,-0.18326,180,0
4771,E01004511,51.4587,-0.20207,150,1
4772,E01004512,51.45457,-0.18591,136,0
4773,E01004513,51.45375,-0.18958,192,0
4776,E01004516,51.4251,-0.14992,174,0
4777,E01004517,51.42345,-0.14062,221,0
4778,E01004518,51.42306,-0.14549,168,0
4785,E01004525,51.42806,-0.16573,205,0
4788,E01004528,51.42437,-0.15878,161,0
4789,E01004529,51.42173,-0.16352,195,0
4796,E01004536,51.46713,-0.16956,247,0
4798,E01004538,51.46354,-0.1808,250,0
4799,E01004539,51.47231,-0.15706,200,0
4813,E01004553,51.45855,-0.16987,176,1
4818,E01004558,51.45372,-0.16427,164,0
4825,E01004567,51.47613,-0.13955,229,0
4831,E01004573,51.44042,-0.23496,168,0
4833,E01004575,51.46134,-0.24903,194,0
4834,E01004576,51.45934,-0.25437,154,0
4837,E01004580,51.47202,-0.17154,230,0
4855,E01004598,51.44283,-0.19425,211,0
4857,E01004601,51.45259,-0.19693,243,0
4865,E01004610,51.43274,-0.1724,199,0
4872,E01004617,51.42607,-0.17639,194,0
4881,E01004626,51.43822,-0.17201,199,0
4883,E01004628,51.45149,-0.21254,230,0
4884,E01004629,51.44794,-0.2109,155,0
4887,E01004632,51.44103,-0.20878,144,0
4904,E01033132,51.4806,-0.1439,244,0
4912,E01035493,51.45744,-0.19576,177,0
4917,E01035498,51.47893,-0.13578,243,0
4921,E01004648,51.53397,-0.18509,543,0
4925,E01004652,51.5167,-0.18767,368,0
4927,E01004654,51.51553,-0.19214,510,0
4929,E01004657,51.51656,-0.1585,283,0
4933,E01004661,51.52033,-0.16436,466,0
4937,E01004668,51.4868,-0.14432,332,0
4938,E01004669,51.48647,-0.13907,383,0
4939,E01004670,51.52648,-0.16782,606,0
4941,E01004675,51.52468,-0.19773,555,0
4943,E01004677,51.53048,-0.20047,375,0
4944,E01004678,51.52785,-0.20047,470,0
4945,E01004679,51.52474,-0.20426,462,0
4950,E01004684,51.51691,-0.1685,333,0
4952,E01004687,51.49472,-0.15225,301,0
4954,E01004691,51.50133,-0.1564,273,0
4956,E01004693,51.51144,-0.19048,271,0
4958,E01004695,51.51142,-0.18762,234,0
4965,E01004702,51.52185,-0.1755,765,0
4966,E01004703,51.52318,-0.18089,460,0
4968,E01004706,51.5285,-0.19064,333,0
4970,E01004708,51.5285,-0.19471,348,0
4972,E01004710,51.53303,-0.19058,487,0
4973,E01004711,51.53212,-0.1871,453,0
4974,E01004712,51.52057,-0.15609,345,0
4981,E01004719,51.53046,-0.21022,416,0
4982,E01004720,51.53071,-0.21341,523,0
4983,E01004721,51.52767,-0.2108,437,0
4984,E01004722,51.52999,-0.20621,589,0
4985,E01004723,51.5323,-0.20602,472,0
4986,E01004724,51.53323,-0.16876,449,0
4989,E01004727,51.52908,-0.15665,387,0
4992,E01004730,51.53392,-0.15641,356,0
4997,E01004735,51.51226,-0.11712,535,0
4999,E01004737,51.48798,-0.1312,289,0
5000,E01004740,51.4913,-0.13634,298,0
5001,E01004741,51.48975,-0.13417,297,0
5008,E01004749,51.49208,-0.14074,510,0
5009,E01004750,51.49422,-0.14576,371,0
5010,E01004751,51.49103,-0.1443,397,0
5012,E01004753,51.48881,-0.14333,392,0
5013,E01004754,51.52265,-0.19057,456,0
5014,E01004755,51.52288,-0.19799,593,0
5015,E01004756,51.5241,-0.19144,330,0
5017,E01004760,51.51813,-0.20003,374,0
5022,E01032512,51.52054,-0.19436,578,0
5027,E01033598,51.52579,-0.17302,318,1
5028,E01033599,51.48832,-0.14784,296,0
5029,E01033601,51.52472,-0.168,500,0
5034,E01035715,51.52426,-0.1866,626,0
5036,E01035717,51.51816,-0.19467,421,0
5037,E01035718,51.50559,-0.16845,635,0
5039,E01035720,51.48997,-0.12877,290,1
5040,E01035721,51.48965,-0.15192,472,0
5041,E01035722,51.48681,-0.13557,442,0
