LSOA21CD,group
E01002571,Hanwell
E01002575,Hanwell
E01002570,Hanwell
E01002693,Hanwell
E01003016,Oval
E01003017,Oval
E01003013,Oval
E01003112,Oval
E01003014,Oval
E01003111,Oval
E01003015,Oval
E01032582,Oval
E01033728,Deptford
E01033727,Deptford
E01003287,Greenwich
E01003284,Greenwich
E01003282,Greenwich
E01033341,Greenwich
E01033327,Greenwich
E01002569,Hanwell
E01002572,Hanwell
E01002576,Hanwell
E01002577,Hanwell
E01002578,Hanwell
E01002579,Hanwell
E01002580,Hanwell
E01002581,Hanwell
E01002582,Hanwell
E01002687,Hanwell
E01002689,Hanwell
E01002690,Hanwell
E01002691,Hanwell
E01002692,Hanwell
E01032573,Hanwell
E01034042,Hanwell
E01034044,Hanwell
E01003283,Greenwich
E01003286,Greenwich
E01003281,Greenwich
E01003203,Greenwich
E01003202,Greenwich
E01003273,Greenwich
E01003279,Greenwich
E01003198,Greenwich
E01003200,Greenwich
E01003199,Greenwich
E01003278,Greenwich
E01003288,Greenwich
E01003201,Greenwich
E01003206,Greenwich
E01003204,Greenwich
E01003205,Greenwich
E01034395,Greenwich
E01034392,Greenwich
E01034393,Greenwich
E01034394,Greenwich
E01033324,Greenwich
E01033325,Greenwich
E01033320,Greenwich
E01003274,Greenwich
E01003276,Greenwich
E01003277,Greenwich
E01003275,Greenwich
E01003324,Greenwich
E01003323,Greenwich
E01003295,Greenwich
E01003320,Greenwich
E01003319,Greenwich
E01003325,Greenwich
E01003292,Greenwich
E01003290,Greenwich
E01003293,Greenwich
E01003291,Greenwich
E01003322,Greenwich
E01003213,Greenwich
E01003211,Greenwich
E01003214,Greenwich
E01003272,Greenwich
E01033322,Greenwich
E01003231,Greenwich
E01003233,Greenwich
E01003232,Greenwich
E01003337,Greenwich
E01003327,Bromley
E01034390,Bromley
