code,freq,spread,x,y
E01000330,0.9794,0.050000000000000044,549646.6312985601,175533.11220908846
E01004366,0.9535,0.12,538902.3104559645,188184.20297552878
E01000506,0.9394,0.08640000000000003,521712.1214948308,185176.68338323297
E01003523,0.9235,0.14239999999999997,542754.3029824485,183352.76767495737
E01002878,0.9214,0.12,524023.1180700478,181284.2391159493
E01003302,0.9127,0.14440000000000008,535383.8225582449,177505.45552200696
E01001883,0.9127,0.1604000000000001,525346.5007837164,177776.4225482935
E01033598,0.909,0.021600000000000064,526844.1433315307,182282.25877494516
E01003152,0.8895,0.264,530846.5706908999,172287.68743606206
E01002042,0.8861,0.18520000000000003,532305.2605575363,188645.79801828158
E01000887,0.8833,0.26880000000000004,527508.2015306602,185565.826611988
E01003183,0.8816,0.09400000000000008,531495.9694142236,177205.53330953346
E01001930,0.8792,0.1783999999999999,522155.79188066756,179153.76005256016
E01004344,0.874,0.28759999999999997,537767.1058474903,190982.04235269848
E01035670,0.8629,0.28959999999999997,535957.5281851125,182393.0686116514
E01002350,0.8469,0.04280000000000006,551558.7206931063,188014.99054028152
E01003751,0.8435,0.15360000000000007,545716.4147603728,188446.4306944424
E01001169,0.8354,0.25680000000000003,531665.3490156649,164258.5188884609
E01003595,0.8344,0.13839999999999997,540364.9303801656,183078.10381309077
E01000056,0.8242,0.18320000000000003,548327.1760344201,183858.1555241644
E01004129,0.8124,0.14639999999999997,526158.188512456,166764.3599566471
E01001465,0.8124,0.0988,532846.9889389644,192888.3238719771
E01033706,0.8099,0.23319999999999996,533398.6928009839,182712.16435513287
E01001409,0.7903,0.06399999999999995,534225.725037587,197778.45268752784
E01000668,0.7892,0.07440000000000002,541424.2418143055,167815.2169124392
E01000164,0.7887,0.238,527992.5844797652,191271.90001877933
E01000543,0.7879,0.09040000000000004,518878.91607085033,188597.1403251347
E01000258,0.7844,0.36760000000000004,521959.8395376266,192165.64589294876
E01004553,0.7751,0.2572,527225.6824471839,174894.34221735242
E01002708,0.756,0.07279999999999998,530315.5613864274,184322.7678415637
E01001729,0.7525,0.2932,535710.7121655237,185132.99406995403
E01002592,0.7513,0.17079999999999995,510372.21977301565,174891.72257212843
E01032582,0.7485,0.36039999999999994,531083.5684318838,179858.4235727868
E01003255,0.7471,0.1519999999999999,535208.104781023,173018.5641533941
E01004511,0.7419,0.18480000000000008,525167.2514286786,174883.21657360572
E01002239,0.7307,0.0948,513514.0062084386,187721.9510439529
E01002497,0.7268,0.3320000000000001,511256.9430560423,185366.10044286842
E01000709,0.7149,0.33440000000000003,536823.3099152137,169752.72723634276
E01000739,0.7086,0.266,546623.4203224014,168935.03172145857
E01001659,0.6988,0.09839999999999993,540835.6069024511,174448.38035369042
E01035720,0.6951,0.3748,530006.7588966528,178506.31162777328
E01000985,0.6907,0.46199999999999997,535066.3359454443,166324.47430711697
E01003071,0.6837,0.19720000000000004,531756.5028809557,174759.56182716266
E01033737,0.6792,0.0895999999999999,543320.974977355,179013.85770922058
E01001260,0.6728,0.40160000000000007,514692.404753409,182534.41886152446
E01002928,0.6599,0.28679999999999994,520827.5340521127,168164.87653749512
E01000853,0.6598,0.11240000000000006,530208.1010395056,182304.99291377165
E01001972,0.6597,0.10960000000000003,530334.0396589881,190742.14957916958
E01002672,0.6492,0.242,515751.76232577366,174508.39094374317
E01002285,0.6091,0.28680000000000005,553921.0143335072,185627.4238295764
E01002412,0.6051,0.2704,506758.2919173014,181940.2666478516
E01034610,0.5877,0.5188,509591.78147610306,181105.71589170478
E01001054,0.5855,0.18799999999999994,537712.1555524056,163450.57099311813
E01001646,0.5784,0.14800000000000002,542241.3071873653,176786.64076831684
E01001016,0.5719,0.516,530719.5088953879,159358.49498120398
E01001252,0.547,0.26799999999999996,515600.700016995,180044.0484080004
E01000252,0.5442,0.2328,525612.9481490464,196110.30646312024
E01000572,0.5269,0.32959999999999995,517361.7077258992,187529.38112706298
E01003874,0.5169,0.2628,518582.3232174385,174871.52915964762
E01003404,0.5111,0.1624,523947.4201728704,170179.19777736824
E01032740,0.4993,0.40280000000000005,531511.350485655,181323.05747436715
E01003003,0.4797,0.19720000000000004,519332.4367449915,165964.0280913716
E01034225,0.4038,0.2136,541307.2748256588,180272.61025642423
E01003812,0.3451,0.1452,515023.3380470415,171763.19597283978
E01001468,0.3256,0.3016,531125.1002596336,198118.52315621157
E01002447,0.3045,0.27159999999999995,507796.1484482928,177578.70091011765
