station_code,station_name,LSOA21CD,LSOA21NM,latitude,longitude,sector
A1,Feltham,E01002592,Hounslow 022D,51.46224760200592,-0.4126184711927578,North West
A2,Isleworth,E01002672,Hounslow 020D,51.45772887657521,-0.3353413727171698,North West
A3,Twickenham,E01003812,Richmond upon Thames 018B,51.43320393634424,-0.3467123979379528,North West
A4,Heathrow Airport,E01002447,Hillingdon 031C,51.48689466826615,-0.4488664851591862,North West
B1,Greenford,E01001260,Ealing 012B,51.52971,-0.35155,North West
B2,Hayes,E01034610,Hillingdon 027G,51.518250896951365,-0.4219208591377438,North West
B3,Hanwell,E01001252,Ealing 030B,51.50751253462854,-0.335704457592746,North West
B5,Hillingdon,E01002412,Hillingdon 017B,51.52608,-0.46115,North West
B6,Pinner,E01002239,Harrow 025C,51.57694205750592,-0.3632843964715156,North West
B7,Ruislip,E01002497,Hillingdon 033B,51.55521,-0.40254,North West
C1,Kenton,E01000543,Brent 003E,51.5837029290763,-0.2856043338250649,North West
C2,Chiswick,E01001930,Hammersmith and Fulham 008D,51.498133746834085,-0.2416068525977871,North West
C3,Brent,E01000506,Brent 014A,51.552358650055936,-0.2459163153771888,North West
C4,North Kensington,E01002878,Kensington and Chelsea 003C,51.51687433245112,-0.213971404359916,North West
C6,Wembley,E01000572,Brent 007A,51.57323,-0.30624,North West
C8,Mill Hill,E01000258,Barnet 016B,51.61511567944928,-0.2399198569692479,North West
D2,Barnet,E01000252,Barnet 002E,51.649762862871654,-0.1857718262364024,North Central
D4,Friern Barnet,E01000164,Barnet 022D,51.60574593108301,-0.1531620040467537,North Central
E1,Bloomsbury,E01000853,Camden 029H,51.52465707007799,-0.1245067259785138,North Central
E2,St Johns Wood,E01033598,Westminster 009F,51.52521761612953,-0.1729778450043525,North Central
E3,Camden,E01000887,Camden 006B,51.55457690836258,-0.1622225910576832,North Central
F1,Westminster,E01035720,Westminster 021G,51.49056599273301,-0.1288064439607071,North Central
F2,Fulham,E01001883,Hammersmith and Fulham 017D,51.4850577752992,-0.1961541116225929,North Central
G1,Islington,E01002708,Islington 015A,51.54276520589707,-0.1222125534086578,North Central
G3,Homerton,E01001729,Hackney 019A,51.5487757168521,-0.0441487888860336,North East
G4,Shoreditch,E01033706,Hackney 033B,51.52757213499831,-0.0783893402585612,North East
G5,Smithfield,E01032740,City of London 001G,51.5155311969434,-0.1060981255103141,North Central
H1,Chase Farm,E01001468,Enfield 010B,51.66655201117075,-0.1053918387091523,North Central
H2,Bounds Green,E01001972,Haringey 004C,51.600448804007925,-0.1195671254371023,North Central
H3,Edmonton,E01001465,Enfield 031B,51.61914831921273,-0.0824930169649758,North Central
H4,Ponders End,E01001409,Enfield 005B,51.66276469571458,-0.0607161307636585,North Central
H5,Tottenham,E01002042,Haringey 027A,51.58115112500967,-0.0919120817121916,North Central
J1,Poplar,E01035670,Tower Hamlets 010G,51.524094977887266,-0.0416485473429845,North East
J2,West Ham,E01003595,Newham 026B,51.52917337026765,0.0221122946468991,North East
J3,Whipps Cross,E01004366,Waltham Forest 019C,51.57541757915347,0.0030556747890115,North East
J4,Walthamstow,E01004344,Waltham Forest 008B,51.60083704611648,-0.0122182754125839,North East
J5,Silvertown,E01034225,Newham 042B,51.503729046165894,0.0345642117096071,North East
K1,Newham,E01003523,Newham 024A,51.531042925238616,0.0566451332720444,North East
K2,Becontree,E01000056,Barking and Dagenham 018C,51.53414871769793,0.1371409853794966,North East
K3,Ilford,E01003751,Redbridge 020A,51.576055194446454,0.1014268018655601,North East
K4,Romford,E01002350,Havering 016B,51.570639713700054,0.1854859341488657,North East
K5,Hornchurch,E01002285,Havering 025B,51.54854894115365,0.218500431627776,North East
L1,Barnehurst,E01000330,Bexley 017D,51.45899940288322,0.1526225625613813,South East
L2,Greenwich,E01001646,Greenwich 019A,51.47217094362285,0.0466092886235643,South East
L3,Mottingham,E01001659,Greenwich 034D,51.451510903170806,0.0254530324442894,South East
L4,St Pauls Cray,E01000739,Bromley 014E,51.400502924395965,0.1064096946227158,South East
L5,Woolwich,E01033737,Greenwich 042B,51.49191175108461,0.06304669045698,South East
M1,Bromley,E01000668,Bromley 020B,51.391759224690695,0.0312740014958141,South East
M2,Croydon,E01000985,Croydon 021A,51.37991033781492,-0.0606158069171893,South East
M3,New Addington,E01001054,Croydon 030C,51.35344943555178,-0.0237342441010256,South East
M4,Beckenham,E01000709,Bromley 006A,51.41029738821717,-0.0340652921330424,South East
N1,Deptford,E01003302,Lewisham 003D,51.48031134005077,-0.0517871361755662,South West
N3,Waterloo,E01032582,Lambeth 036E,51.50246849428194,-0.1128035347427578,South West
N6,Forest Hill,E01003255,Lewisham 021B,51.440032592759984,-0.0560300878456986,South West
P1,Coulsdon,E01001016,Croydon 041B,51.318324638502745,-0.1255953287045383,South West
P2,South Croydon,E01001169,Croydon 028B,51.36214236763574,-0.1102203716923109,South West
P3,Streatham,E01003152,Lambeth 027E,51.434487755241456,-0.1190162682837685,South West
Q1,Battersea,E01004553,Wandsworth 015A,51.458737548267415,-0.1701415879254,South West
Q2,Brixton,E01003071,Lambeth 018D,51.45649089524888,-0.1050141390375499,South West
Q3,Oval,E01003183,Lambeth 005E,51.47853240491452,-0.107852681799563,South West
Q4,Putney,E01004511,Wandsworth 010B,51.459096013099995,-0.1997581228312549,South West
R1,St Helier,E01004129,Sutton 002E,51.38591144388044,-0.1883899903395584,South West
R3,Wimbledon,E01003404,Merton 004D,51.41708816985075,-0.2189521478595367,South West
S1,New Malden,E01002928,Kingston upon Thames 008B,51.39965738384688,-0.264481114910992,South West
S2,Richmond,E01003874,Richmond upon Thames 006B,51.460407345750184,-0.2944977950673363,South West
S3,Tolworth,E01003003,Kingston upon Thames 017E,51.37909,-0.28849,South West
